Covariants	Count	Max_count	Freq	Coverage_start	Coverage_end
G22577C(S:G339H) G22578A(S:G339H) G22599C(S:R346T)	62	143	0.43356643356643354	22563	22604
C22664A(S:L368I) C22674T(S:S371F) T22679C(S:S373P) C22686T(S:S375F) A22688G(S:T376A)	56	130	0.4307692307692308	22661	22699
G22577C(S:G339H) G22578A(S:G339H) G22599C(S:R346T) C22664A(S:L368I) C22674T(S:S371F) T22679C(S:S373P) C22686T(S:S375F) A22688G(S:T376A)	16	61	0.26229508196721313	22563	22697
G22577C(S:G339H) G22578A(S:G339H) C22664A(S:L368I) C22674T(S:S371F) T22679C(S:S373P) C22686T(S:S375F) A22688G(S:T376A)	15	61	0.2459016393442623	22495	22704
G22577C(S:G339H) G22578A(S:G339H) G22599C(S:R346T) C22664A(S:L368I)	12	75	0.16	22571	22664
