Covariants	Count	Max_count	Freq	Coverage_start	Coverage_end
T22917G(S:L452R) C22995A(S:T478K)	34	64	0.53125	22916	23005
C22995A(S:T478K)	28	79	0.35443037974683544	22988	23031
(22583,'T')(S:INS342)	27	138	0.1956521739130435	22556	22598
T22917G(S:L452R)	13	79	0.16455696202531644	22873	22925
