Covariants	Count	Max_count	Freq	Coverage_start	Coverage_end
C22664A(S:L368I) C22674T(S:S371F) T22679C(S:S373P) C22686T(S:S375F) A22688G(S:T376A)	92	156	0.5897435897435898	22658	22703
G22577C(S:G339H) G22578A(S:G339H) G22599C(S:R346T)	62	132	0.4696969696969697	22561	22601
G22775A(S:D405N)	23	50	0.46	22697	22779
G22577C(S:G339H) G22578A(S:G339H) G22599C(S:R346T) C22664A(S:L368I) C22674T(S:S371F) T22679C(S:S373P) C22686T(S:S375F) A22688G(S:T376A)	13	56	0.23214285714285715	22548	22699
G22577C(S:G339H) G22578A(S:G339H) G22599C(S:R346T) C22664A(S:L368I)	10	67	0.14925373134328357	22571	22664
