Covariants	Count	Max_count	Freq	Coverage_start	Coverage_end
C23123A(S:P521T)	650	1359	0.4782928623988227	23122	23193
C23191T(S:F543F)	494	2190	0.22557077625570776	23156	23193
C23123T(S:P521S)	75	1359	0.05518763796909492	23122	23193
G22577C(S:G339H) G22578A(S:G339H) G22599C(S:R346T) C22664A(S:L368I) C22674T(S:S371F) T22679C(S:S373P) C22686T(S:S375F) A22688G(S:T376A)	11	24	0.4583333333333333	22563	22704
G22775A(S:D405N) A22786C(S:R408S) G22813T(S:K417N)	10	18	0.5555555555555556	22731	22815
