Covariants	Count	Max_count	Freq	Coverage_start	Coverage_end
C22674T(S:S371F) T22679C(S:S373P) C22686T(S:S375F) A22688G(S:T376A)	129	140	0.9214285714285714	22672	22693
G22775A(S:D405N) A22786C(S:R408S) G22813T(S:K417N)	85	94	0.9042553191489362	22772	22813
G22775A(S:D405N) A22786C(S:R408S)	32	132	0.24242424242424243	22712	22789
G22578A(S:G339D)	22	26	0.8461538461538461	22571	22655
C22686T(S:S375F) A22688G(S:T376A) G22775A(S:D405N)	12	15	0.8	22682	22781
A22786C(S:R408S) G22813T(S:K417N)	11	102	0.10784313725490197	22784	22837
