Covariants	Count	Max_count	Freq	Coverage_start	Coverage_end
C23123T(S:P521S)	1391	8152	0.17063297350343473	23122	23193
(23143,1)(S:DEL528)	12	12046	0.0009961813049975095	23140	23195
G23205A(S:G548D)	11	10866	0.0010123320449107306	23148	23208
