Covariants	Count	Max_count	Freq	Coverage_start	Coverage_end
G22577C(S:G339H) G22578A(S:G339H) G22599C(S:R346T) C22624T(S:N354N) C22664A(S:L368I) C22674T(S:S371F) T22679C(S:S373P) C22686T(S:S375F) A22688G(S:T376A)	20	59	0.3389830508474576	22571	22699
G22775A(S:D405N) A22786C(S:R408S) G22813T(S:K417N)	18	40	0.45	22753	22813
C22624T(S:N354N) C22664A(S:L368I) C22674T(S:S371F) T22679C(S:S373P) C22686T(S:S375F) A22688G(S:T376A)	12	89	0.1348314606741573	22616	22704
G22577C(S:G339H) G22578A(S:G339H) G22599C(S:R346T) C22664A(S:L368I) C22674T(S:S371F) T22679C(S:S373P) C22686T(S:S375F) A22688G(S:T376A)	10	59	0.1694915254237288	22521	22735
