Covariants	Count	Max_count	Freq	Coverage_start	Coverage_end
G22775A(S:D405N) A22786C(S:R408S) A22812C(S:K417T) G22813T(S:K417T)	92	111	0.8288288288288288	22774	22816
C22674T(S:S371F) T22679C(S:S373P) C22686T(S:S375F) A22688G(S:T376A)	56	81	0.691358024691358	22663	22699
A22786C(S:R408S) A22812C(S:K417T) G22813T(S:K417T)	25	122	0.20491803278688525	22782	22867
G22578A(S:G339D)	19	31	0.6129032258064516	22571	22657
C22674T(S:S371F) T22679C(S:S373P) C22686T(S:S375F) A22688G(S:T376A) G22775A(S:D405N)	15	18	0.8333333333333334	22665	22778
G22775A(S:D405N) A22786C(S:R408S)	15	138	0.10869565217391304	22712	22794
