Covariants	Count	Max_count	Freq	Coverage_start	Coverage_end
C22674T(S:S371F) T22679C(S:S373P) C22686T(S:S375F) A22688G(S:T376A)	34	50	0.68	22670	22706
G22775A(S:D405N) A22786C(S:R408S) G22813T(S:K417N)	18	34	0.5294117647058824	22772	22815
G22775A(S:D405N) A22786C(S:R408S)	16	49	0.32653061224489793	22728	22793
