Covariants	Count	Max_count	Freq	Coverage_start	Coverage_end
C23123T(S:P521S)	10866	23238	0.4675961786728634	23122	23193
C23123A(S:P521T)	695	23238	0.029907909458645323	23122	23193
G23205A(S:G548D)	24	31015	0.0007738191197807512	23150	23210
(23143,1)(S:DEL528)	20	34210	0.0005846243788365975	23140	23203
C23123T(S:P521S) G23205A(S:G548D)	13	16657	0.0007804526625442757	23122	23211
C23123G(S:P521A)	13	23238	0.000559428522248042	23122	23220
A23203G(S:T547T)	11	34246	0.000321205396250657	23150	23211
A23193G(S:N544S)	10	37597	0.00026597866851078546	23148	23211
A23223C	10	17835	0.000560695262125035	23123	23223
