Covariants	Count	Max_count	Freq	Coverage_start	Coverage_end
C23123T(S:P521S)	234	526	0.4448669201520912	23122	23170
G22577C(S:G339H) G22578A(S:G339H) G22599C(S:R346T)	126	157	0.802547770700637	22563	22599
A23055G(S:Q498R) A23063T(S:N501Y) T23075C(S:Y505H) C23123T(S:P521S)	108	193	0.5595854922279793	23054	23125
A23063T(S:N501Y) T23075C(S:Y505H) C23123T(S:P521S)	45	240	0.1875	23061	23149
T23031C(S:F490S) A23055G(S:Q498R) A23063T(S:N501Y) T23075C(S:Y505H)	40	116	0.3448275862068966	23030	23108
T23075C(S:Y505H) C23123T(S:P521S)	40	281	0.1423487544483986	23074	23147
C22664A(S:L368I) C22674T(S:S371F) T22679C(S:S373P) C22686T(S:S375F) A22688G(S:T376A)	28	46	0.6086956521739131	22661	22704
T23031C(S:F490S) A23055G(S:Q498R) A23063T(S:N501Y) T23075C(S:Y505H) C23123T(S:P521S)	22	70	0.3142857142857143	23030	23123
G22992A(S:S477N) C22995A(S:T478K) A23013C(S:E484A) T23018C(S:F486P) T23019C(S:F486P) T23031C(S:F490S) A23055G(S:Q498R)	13	37	0.35135135135135137	22978	23058
