Covariants	Count	Max_count	Freq	Coverage_start	Coverage_end
C22674T(S:S371F) T22679C(S:S373P) C22686T(S:S375F) A22688G(S:T376A)	138	195	0.7076923076923077	22672	22697
G22775A(S:D405N) A22786C(S:R408S) G22813T(S:K417N)	91	145	0.6275862068965518	22774	22814
G22775A(S:D405N) A22786C(S:R408S)	35	192	0.18229166666666666	22714	22786
G22578A(S:G339D)	15	23	0.6521739130434783	22573	22656
G22813T(S:K417N)	10	172	0.05813953488372093	22792	22873
