Covariants	Count	Max_count	Freq	Coverage_start	Coverage_end
C22664A(S:L368I) C22674T(S:S371F) T22679C(S:S373P) C22686T(S:S375F) A22688G(S:T376A)	62	120	0.5166666666666667	22661	22704
G22577C(S:G339H) G22578A(S:G339H) G22599C(S:R346T)	55	119	0.46218487394957986	22569	22600
G22577C(S:G339H) G22578A(S:G339H) G22599C(S:R346T) C22664A(S:L368I) C22674T(S:S371F) T22679C(S:S373P) C22686T(S:S375F) A22688G(S:T376A)	14	47	0.2978723404255319	22563	22706
