Covariants	Count	Max_count	Freq	Coverage_start	Coverage_end
T22917G(S:L452R) C22995A(S:T478K)	48	107	0.4485981308411215	22916	22997
C22995A(S:T478K)	36	142	0.2535211267605634	22990	22999
T22917G(S:L452R)	25	140	0.17857142857142858	22864	22925
A22422G	11	33	0.3333333333333333	22421	22572
