Covariants	Count	Max_count	Freq	Coverage_start	Coverage_end
G22775A(S:D405N) A22786C(S:R408S) C22792T(S:I410I) G22813T(S:K417N)	314	452	0.6946902654867256	22774	22813
C22674T(S:S371F) T22679C(S:S373P) C22686T(S:S375F) A22688G(S:T376A)	287	421	0.6817102137767221	22665	22691
A22786C(S:R408S) C22792T(S:I410I) G22813T(S:K417N)	90	468	0.19230769230769232	22784	22861
C22674T(S:S371F) T22679C(S:S373P) C22686T(S:S375F) A22688G(S:T376A) G22775A(S:D405N)	76	93	0.8172043010752689	22665	22775
G22578A(S:G339D)	57	121	0.47107438016528924	22573	22654
G22578A(S:G339D) C22674T(S:S371F) T22679C(S:S373P)	22	34	0.6470588235294118	22569	22681
G22578A(S:G339D) C22674T(S:S371F)	20	61	0.32786885245901637	22563	22674
G22775A(S:D405N) A22786C(S:R408S) C22792T(S:I410I)	20	489	0.0408997955010225	22732	22793
G22813T(S:K417N)	11	482	0.022821576763485476	22792	22873
