Covariants	Count	Max_count	Freq	Coverage_start	Coverage_end
G22813T(S:K417N)	54	85	0.6352941176470588	22792	22813
G23012A(S:E484K) A23063T(S:N501Y)	39	59	0.6610169491525424	23006	23074
A23063T(S:N501Y)	13	71	0.18309859154929578	23060	23132
G23012A(S:E484K)	12	74	0.16216216216216217	22941	23014
