Covariants	Count	Max_count	Freq	Coverage_start	Coverage_end
G22775A(S:D405N) A22786C(S:R408S) G22813T(S:K417N)	59	87	0.6781609195402298	22772	22815
C22674T(S:S371F) T22679C(S:S373P) C22686T(S:S375F) A22688G(S:T376A)	56	66	0.8484848484848485	22665	22704
C23202A(S:T547K)	50	100	0.5	23155	23236
A22786C(S:R408S) G22813T(S:K417N)	18	90	0.2	22779	22873
