Covariants	Count	Max_count	Freq	Coverage_start	Coverage_end
C22674T(S:S371F) T22679C(S:S373P) C22686T(S:S375F) A22688G(S:T376A)	62	67	0.9253731343283582	22666	22696
G22775A(S:D405N) A22786C(S:R408S) A22812C(S:K417T) G22813T(S:K417T)	35	53	0.660377358490566	22765	22817
G22775A(S:D405N) A22786C(S:R408S)	21	76	0.27631578947368424	22712	22793
G22775A(S:D405N) A22786C(S:R408S) G22813T(S:K417N)	16	53	0.3018867924528302	22774	22815
C23202A(S:T547K)	13	45	0.28888888888888886	23150	23238
