Covariants	Count	Max_count	Freq	Coverage_start	Coverage_end
G22775A(S:D405N) A22786C(S:R408S) G22813T(S:K417N)	75	95	0.7894736842105263	22774	22814
C23202A(S:T547K)	67	211	0.3175355450236967	23156	23232
C22674T(S:S371F) T22679C(S:S373P) C22686T(S:S375F) A22688G(S:T376A)	54	75	0.72	22660	22699
A22786C(S:R408S) G22813T(S:K417N)	18	99	0.18181818181818182	22783	22861
C22674T(S:S371F) T22679C(S:S373P) C22686T(S:S375F) A22688G(S:T376A) G22775A(S:D405N)	15	18	0.8333333333333334	22665	22775
G22578A(S:G339D)	10	19	0.5263157894736842	22555	22657
