Covariants	Count	Max_count	Freq	Coverage_start	Coverage_end
C22674T(S:S371F) T22679C(S:S373P) C22686T(S:S375F) A22688G(S:T376A)	109	118	0.923728813559322	22672	22693
G22775A(S:D405N) A22786C(S:R408S) G22813T(S:K417N)	79	87	0.9080459770114943	22772	22813
G22775A(S:D405N) A22786C(S:R408S)	37	127	0.29133858267716534	22707	22786
G22578A(S:G339D)	25	29	0.8620689655172413	22571	22655
A22786C(S:R408S) G22813T(S:K417N)	17	102	0.16666666666666666	22785	22863
G22813T(S:K417N)	11	113	0.09734513274336283	22792	22873
