Covariants	Count	Max_count	Freq	Coverage_start	Coverage_end
C22995A(S:T478K)	27	61	0.4426229508196721	22990	23007
T22917G(S:L452R)	25	64	0.390625	22898	22925
T22917G(S:L452R) C22995A(S:T478K)	25	41	0.6097560975609756	22916	22997
