Covariants	Count	Max_count	Freq	Coverage_start	Coverage_end
C23202A(S:T547K)	125	127	0.984251968503937	23155	23230
G22775A(S:D405N) A22786C(S:R408S) G22813T(S:K417N)	94	118	0.7966101694915254	22774	22815
C22674T(S:S371F) T22679C(S:S373P) C22686T(S:S375F) A22688G(S:T376A)	72	91	0.7912087912087912	22665	22699
A22786C(S:R408S) G22813T(S:K417N)	22	123	0.17886178861788618	22784	22865
C22674T(S:S371F) T22679C(S:S373P) C22686T(S:S375F) A22688G(S:T376A) G22775A(S:D405N)	14	16	0.875	22665	22778
