Covariants	Count	Max_count	Freq	Coverage_start	Coverage_end
G22775A(S:D405N) A22786C(S:R408S) G22813T(S:K417N)	52	71	0.7323943661971831	22774	22813
C22674T(S:S371F) T22679C(S:S373P) C22686T(S:S375F) A22688G(S:T376A)	50	71	0.704225352112676	22660	22697
A22786C(S:R408S) G22813T(S:K417N)	18	77	0.23376623376623376	22784	22863
