Covariants	Count	Max_count	Freq	Coverage_start	Coverage_end
A23145G(S:K528R)	2247	3610	0.6224376731301939	23144	23175
C22664A(S:L368I) C22674T(S:S371F) T22679C(S:S373P) C22686T(S:S375F) A22688G(S:T376A)	26	107	0.24299065420560748	22655	22704
G22577C(S:G339H) G22578A(S:G339H) G22599C(S:R346T)	23	68	0.3382352941176471	22563	22599
C22664A(S:L368I) C22674T(S:S371F) T22679C(S:S373P) C22686T(S:S375F) A22688G(S:T376A) G22775A(S:D405N) A22786C(S:R408S) G22813T(S:K417N)	18	29	0.6206896551724138	22660	22814
G22577C(S:G339H) G22578A(S:G339H) G22599C(S:R346T) C22664A(S:L368I) C22674T(S:S371F) T22679C(S:S373P) C22686T(S:S375F) A22688G(S:T376A)	14	36	0.3888888888888889	22563	22697
G22775A(S:D405N) A22786C(S:R408S) G22813T(S:K417N)	10	39	0.2564102564102564	22727	22814
