Covariants	Count	Max_count	Freq	Coverage_start	Coverage_end
G22775A(S:D405N) A22786C(S:R408S) A22812C(S:K417T) G22813T(S:K417T)	91	119	0.7647058823529411	22774	22817
C22674T(S:S371F) T22679C(S:S373P) C22686T(S:S375F) A22688G(S:T376A)	85	98	0.8673469387755102	22665	22702
A22786C(S:R408S) A22812C(S:K417T) G22813T(S:K417T)	20	120	0.16666666666666666	22776	22873
C23202A(S:T547K)	18	104	0.17307692307692307	23153	23232
C22674T(S:S371F) T22679C(S:S373P) C22686T(S:S375F) A22688G(S:T376A) G22775A(S:D405N)	10	12	0.8333333333333334	22665	22775
