Covariants	Count	Max_count	Freq	Coverage_start	Coverage_end
C23123A(S:P521T)	1223	4261	0.2870218258624736	23122	23193
G22577C(S:G339H) G22578A(S:G339H) G22599C(S:R346T) C22664A(S:L368I) C22674T(S:S371F) T22679C(S:S373P) C22686T(S:S375F) A22688G(S:T376A)	37	75	0.49333333333333335	22571	22704
C22664A(S:L368I) C22674T(S:S371F) T22679C(S:S373P) C22686T(S:S375F) A22688G(S:T376A)	29	136	0.21323529411764705	22651	22704
G22775A(S:D405N) A22786C(S:R408S) G22813T(S:K417N)	21	43	0.4883720930232558	22754	22815
G22577C(S:G339H) G22578A(S:G339H) G22599C(S:R346T)	20	106	0.18867924528301888	22556	22599
G22599C(S:R346T) C22664A(S:L368I) C22674T(S:S371F) T22679C(S:S373P) C22686T(S:S375F) A22688G(S:T376A)	11	90	0.12222222222222222	22598	22704
