Covariants	Count	Max_count	Freq	Coverage_start	Coverage_end
C22674A(S:S371Y) T22679C(S:S373P) C22686T(S:S375F) A22688G(S:T376A)	39	53	0.7358490566037735	22660	22702
G22775A(S:D405N) A22786C(S:R408S) G22813T(S:K417N)	29	43	0.6744186046511628	22772	22815
A22786C(S:R408S) G22813T(S:K417N)	11	45	0.24444444444444444	22780	22873
