Covariants	Count	Max_count	Freq	Coverage_start	Coverage_end
T22917G(S:L452R) C22995A(S:T478K)	15	33	0.45454545454545453	22916	22997
C22995A(S:T478K)	10	39	0.2564102564102564	22988	23049
