Covariants	Count	Max_count	Freq	Coverage_start	Coverage_end
T23189C(S:F543L)	24	117	0.20512820512820512	23150	23196
C23123A(S:P521T)	11	71	0.15492957746478872	23121	23196
