Covariants	Count	Max_count	Freq	Coverage_start	Coverage_end
C22674T(S:S371F) T22679C(S:S373P) C22686T(S:S375F) A22688G(S:T376A)	268	277	0.9675090252707581	22672	22692
G22775A(S:D405N) A22786C(S:R408S) G22813T(S:K417N)	148	177	0.8361581920903954	22774	22813
G22775A(S:D405N) A22786C(S:R408S)	74	258	0.2868217054263566	22743	22786
G22578A(S:G339D)	37	43	0.8604651162790697	22571	22656
G22775A(S:D405N) A22786C(S:R408S) A22812C(S:K417T) G22813T(S:K417T)	19	177	0.10734463276836158	22772	22818
C22686T(S:S375F) A22688G(S:T376A) G22775A(S:D405N)	18	25	0.72	22682	22781
A22786C(S:R408S) G22813T(S:K417N)	14	195	0.07179487179487179	22783	22865
G22813T(S:K417N)	14	210	0.06666666666666667	22789	22873
C22674T(S:S371F) T22679C(S:S373P)	13	291	0.044673539518900345	22597	22680
