Covariants	Count	Max_count	Freq	Coverage_start	Coverage_end
C23202A(S:T547K)	66	210	0.3142857142857143	23157	23228
G22775A(S:D405N) A22786C(S:R408S) G22813T(S:K417N)	52	70	0.7428571428571429	22774	22814
C22674T(S:S371F) T22679C(S:S373P) C22686T(S:S375F) A22688G(S:T376A)	43	61	0.7049180327868853	22653	22699
A22786C(S:R408S) G22813T(S:K417N)	16	73	0.2191780821917808	22777	22863
C22674T(S:S371F) T22679C(S:S373P) C22686T(S:S375F) A22688G(S:T376A) G22775A(S:D405N)	13	15	0.8666666666666667	22665	22781
