Covariants	Count	Max_count	Freq	Coverage_start	Coverage_end
A22600C(S:R346S)	41	70	0.5857142857142857	22584	22607
A22812C(S:K417T)	24	47	0.5106382978723404	22764	22812
A23013C(S:E484A) A23055G(S:Q498R)	21	49	0.42857142857142855	23008	23067
