Covariants	Count	Max_count	Freq	Coverage_start	Coverage_end
C22995A(S:T478K)	12	33	0.36363636363636365	22988	23067
T22917G(S:L452R) C22995A(S:T478K)	11	23	0.4782608695652174	22897	22997
