Covariants	Count	Max_count	Freq	Coverage_start	Coverage_end
C22674T(S:S371F) T22679C(S:S373P) C22686T(S:S375F) A22688G(S:T376A)	122	162	0.7530864197530864	22672	22692
G22775A(S:D405N) A22786C(S:R408S) G22813T(S:K417N)	76	109	0.6972477064220184	22774	22813
G22775A(S:D405N) A22786C(S:R408S)	38	154	0.24675324675324675	22743	22792
G22578A(S:G339D)	29	43	0.6744186046511628	22573	22655
C23202A(S:T547K)	12	187	0.06417112299465241	23150	23229
