Covariants	Count	Max_count	Freq	Coverage_start	Coverage_end
G22775A(S:D405N) A22786C(S:R408S) G22813T(S:K417N)	149	189	0.7883597883597884	22772	22814
C22674T(S:S371F) T22679C(S:S373P) C22686T(S:S375F) A22688G(S:T376A)	94	180	0.5222222222222223	22665	22702
A22786C(S:R408S) G22813T(S:K417N)	36	196	0.1836734693877551	22784	22865
C22674T(S:S371F) T22679C(S:S373P) C22686T(S:S375F) A22688G(S:T376A) G22775A(S:D405N)	34	43	0.7906976744186046	22665	22775
G22599C(S:R346T) C22674T(S:S371F) T22679C(S:S373P) C22686T(S:S375F) A22688G(S:T376A)	24	43	0.5581395348837209	22598	22702
G22578A(S:G339D) G22599C(S:R346T)	22	60	0.36666666666666664	22563	22650
G22775A(S:D405N) A22786C(S:R408S)	17	225	0.07555555555555556	22709	22786
G22578A(S:G339D)	10	60	0.16666666666666666	22566	22657
