Covariants	Count	Max_count	Freq	Coverage_start	Coverage_end
G23012A(S:E484K)	34	62	0.5483870967741935	23006	23023
T22882G(S:N440K)	21	48	0.4375	22861	22909
T22882G(S:N440K) G23012A(S:E484K)	18	28	0.6428571428571429	22880	23017
