Covariants	Count	Max_count	Freq	Coverage_start	Coverage_end
T22917G(S:L452R)	12	46	0.2608695652173913	22856	22923
T22917G(S:L452R) C22995A(S:T478K)	12	31	0.3870967741935484	22887	23007
