Covariants	Count	Max_count	Freq	Coverage_start	Coverage_end
C22674T(S:S371F) T22679C(S:S373P) C22686T(S:S375F) A22688G(S:T376A)	50	70	0.7142857142857143	22660	22698
G22775A(S:D405N) A22786C(S:R408S) G22813T(S:K417N)	45	68	0.6617647058823529	22770	22815
C23202A(S:T547K)	44	64	0.6875	23155	23228
A22786C(S:R408S) G22813T(S:K417N)	21	71	0.29577464788732394	22784	22873
C22674T(S:S371F) T22679C(S:S373P) C22686T(S:S375F) A22688G(S:T376A) G22775A(S:D405N)	11	15	0.7333333333333333	22665	22775
