Covariants	Count	Max_count	Freq	Coverage_start	Coverage_end
C23202A(S:T547K)	121	171	0.7076023391812866	23155	23228
G22775A(S:D405N) A22786C(S:R408S) G22813T(S:K417N)	111	145	0.7655172413793103	22774	22813
C22674T(S:S371F) T22679C(S:S373P) C22686T(S:S375F) A22688G(S:T376A)	74	97	0.7628865979381443	22672	22696
A22786C(S:R408S) G22813T(S:K417N)	28	148	0.1891891891891892	22782	22867
C22674T(S:S371F) T22679C(S:S373P) C22686T(S:S375F) A22688G(S:T376A) G22775A(S:D405N)	16	17	0.9411764705882353	22665	22775
G22775A(S:D405N) A22786C(S:R408S)	10	163	0.06134969325153374	22709	22791
