Covariants	Count	Max_count	Freq	Coverage_start	Coverage_end
G22775A(S:D405N) A22786C(S:R408S) G22813T(S:K417N)	129	158	0.8164556962025317	22774	22814
C22674T(S:S371F) T22679C(S:S373P) C22686T(S:S375F) A22688G(S:T376A)	92	130	0.7076923076923077	22665	22698
C23202A(S:T547K)	78	118	0.6610169491525424	23153	23228
A22786C(S:R408S) G22813T(S:K417N)	25	163	0.15337423312883436	22777	22865
C22674T(S:S371F) T22679C(S:S373P) C22686T(S:S375F) A22688G(S:T376A) G22775A(S:D405N)	23	28	0.8214285714285714	22665	22775
G22578A(S:G339D)	20	33	0.6060606060606061	22563	22655
G22775A(S:D405N) A22786C(S:R408S)	11	186	0.05913978494623656	22717	22793
C22686T(S:S375F) A22688G(S:T376A) G22775A(S:D405N) A22786C(S:R408S)	10	17	0.5882352941176471	22682	22801
