Covariants	Count	Max_count	Freq	Coverage_start	Coverage_end
C22674T(S:S371F) T22679C(S:S373P) C22686T(S:S375F) A22688G(S:T376A)	94	115	0.8173913043478261	22672	22693
G22775A(S:D405N) A22786C(S:R408S) G22813T(S:K417N)	67	85	0.788235294117647	22774	22813
G22775A(S:D405N) A22786C(S:R408S)	26	115	0.22608695652173913	22764	22790
C23202A(S:T547K)	22	322	0.06832298136645963	23155	23229
G22578A(S:G339D)	12	20	0.6	22568	22656
A23193G(S:N544S)	11	322	0.034161490683229816	23150	23230
A22786C(S:R408S) G22813T(S:K417N)	10	96	0.10416666666666667	22784	22865
