Covariants	Count	Max_count	Freq	Coverage_start	Coverage_end
A23055G(S:Q498R) A23063T(S:N501Y) T23075C(S:Y505H)	12	26	0.46153846153846156	23048	23116
A23063T(S:N501Y) T23075C(S:Y505H)	11	36	0.3055555555555556	23060	23149
