Covariants	Count	Max_count	Freq	Coverage_start	Coverage_end
G22577C(S:G339H) G22578A(S:G339H) G22599C(S:R346T)	36	112	0.32142857142857145	22558	22600
C22664A(S:L368I) C22674T(S:S371F) T22679C(S:S373P) C22686T(S:S375F) A22688G(S:T376A) G22775A(S:D405N) A22786C(S:R408S) G22813T(S:K417N)	31	42	0.7380952380952381	22663	22814
G22577C(S:G339H) G22578A(S:G339H) G22599C(S:R346T) C22664A(S:L368I) C22674T(S:S371F) T22679C(S:S373P) C22686T(S:S375F) A22688G(S:T376A)	26	59	0.4406779661016949	22563	22704
G22775A(S:D405N) A22786C(S:R408S) G22813T(S:K417N)	25	68	0.36764705882352944	22752	22814
C22664A(S:L368I) C22674T(S:S371F) T22679C(S:S373P) C22686T(S:S375F) A22688G(S:T376A)	22	146	0.1506849315068493	22660	22702
G22577C(S:G339H) G22578A(S:G339H) G22599C(S:R346T) C22664A(S:L368I)	12	75	0.16	22569	22664
G22599C(S:R346T) C22664A(S:L368I) C22674T(S:S371F) T22679C(S:S373P) C22686T(S:S375F) A22688G(S:T376A)	10	74	0.13513513513513514	22598	22704
