Covariants	Count	Max_count	Freq	Coverage_start	Coverage_end
C22674T(S:S371F) T22679C(S:S373P) C22686T(S:S375F) A22688G(S:T376A)	20	22	0.9090909090909091	22665	22699
C23202A(S:T547K)	16	67	0.23880597014925373	23155	23230
