Covariants	Count	Max_count	Freq	Coverage_start	Coverage_end
G22578A(S:G339D)	23	42	0.5476190476190477	22541	22580
C23202A(S:T547K)	11	33	0.3333333333333333	23148	23228
