Covariants	Count	Max_count	Freq	Coverage_start	Coverage_end
G22775A(S:D405N) A22786C(S:R408S) G22813T(S:K417N)	27	121	0.2231404958677686	22770	22817
C22674T(S:S371F) T22679C(S:S373P) C22686T(S:S375F) A22688G(S:T376A)	22	95	0.23157894736842105	22660	22704
