Covariants	Count	Max_count	Freq	Coverage_start	Coverage_end
A23055G(S:Q498R) A23063T(S:N501Y) T23075C(S:Y505H)	49	115	0.4260869565217391	23054	23116
T23031C(S:F490S) A23055G(S:Q498R) A23063T(S:N501Y) T23075C(S:Y505H)	33	63	0.5238095238095238	23030	23110
A23063T(S:N501Y) T23075C(S:Y505H)	18	134	0.13432835820895522	23061	23157
T23075C(S:Y505H)	18	152	0.11842105263157894	23074	23167
G22992A(S:S477N) C22995A(S:T478K) C22998T(S:P479L) A23013C(S:E484A) T23018C(S:F486P) T23019C(S:F486P) T23031C(S:F490S) A23055G(S:Q498R)	10	18	0.5555555555555556	22978	23058
