Covariants	Count	Max_count	Freq	Coverage_start	Coverage_end
G22578A(S:G339D)	31	56	0.5535714285714286	22560	22597
C23202A(S:T547K)	25	42	0.5952380952380952	23148	23225
G22578A(S:G339D) T22673C(S:S371L) C22674T(S:S371L) T22679C(S:S373P) C22686T(S:S375F)	11	20	0.55	22548	22704
G22992A(S:S477N) C22995A(S:T478K) A23013C(S:E484A) A23040G(S:Q493R) G23048A(S:G496S) A23055G(S:Q498R) A23063T(S:N501Y) T23075C(S:Y505H)	10	37	0.2702702702702703	22988	23086
