Covariants	Count	Max_count	Freq	Coverage_start	Coverage_end
C22674T(S:S371F) T22679C(S:S373P) C22686T(S:S375F) A22688G(S:T376A)	143	157	0.910828025477707	22672	22691
G22775A(S:D405N) A22786C(S:R408S) G22813T(S:K417N)	112	120	0.9333333333333333	22774	22813
G22775A(S:D405N) A22786C(S:R408S)	58	180	0.32222222222222224	22764	22786
C23202A(S:T547K)	45	185	0.24324324324324326	23148	23228
G22578A(S:G339D)	29	34	0.8529411764705882	22571	22655
A22786C(S:R408S) G22813T(S:K417N)	19	139	0.1366906474820144	22784	22865
G22813T(S:K417N)	10	147	0.06802721088435375	22790	22865
