Covariants	Count	Max_count	Freq	Coverage_start	Coverage_end
G22775A(S:D405N) A22786C(S:R408S) A22812C(S:K417T) G22813T(S:K417T)	56	75	0.7466666666666667	22774	22817
C22674T(S:S371F) T22679C(S:S373P) C22686T(S:S375F) A22688G(S:T376A)	50	70	0.7142857142857143	22665	22697
A22786C(S:R408S) A22812C(S:K417T) G22813T(S:K417T)	18	81	0.2222222222222222	22777	22865
G22578A(S:G339D)	10	27	0.37037037037037035	22563	22657
