Covariants	Count	Max_count	Freq	Coverage_start	Coverage_end
T22917G(S:L452R) C22995A(S:T478K)	16	33	0.48484848484848486	22916	22997
C22995A(S:T478K)	13	41	0.3170731707317073	22953	23005
