Covariants	Count	Max_count	Freq	Coverage_start	Coverage_end
G22775A(S:D405N) A22786C(S:R408S) G22813T(S:K417N)	47	56	0.8392857142857143	22772	22814
C22674T(S:S371F) T22679C(S:S373P) C22686T(S:S375F) A22688G(S:T376A)	14	44	0.3181818181818182	22651	22712
C22674T(S:S371F) C22677A(S:A372E) T22679C(S:S373P) C22686T(S:S375F) A22688G(S:T376A)	10	44	0.22727272727272727	22651	22740
