Covariants	Count	Max_count	Freq	Coverage_start	Coverage_end
G22775A(S:D405N) A22786C(S:R408S) G22813T(S:K417N)	75	99	0.7575757575757576	22774	22814
C22674T(S:S371F) T22679C(S:S373P) C22686T(S:S375F) A22688G(S:T376A)	45	55	0.8181818181818182	22665	22702
A22786C(S:R408S) G22813T(S:K417N)	21	102	0.20588235294117646	22776	22867
