Covariants	Count	Max_count	Freq	Coverage_start	Coverage_end
C22674T(S:S371F) T22679C(S:S373P) C22686T(S:S375F) A22688G(S:T376A)	22	24	0.9166666666666666	22660	22694
G22775A(S:D405N) A22786C(S:R408S) G22813T(S:K417N)	15	18	0.8333333333333334	22772	22814
