Covariants	Count	Max_count	Freq	Coverage_start	Coverage_end
T22917G(S:L452R)	11	31	0.3548387096774194	22856	22925
(22610,'T')(S:INS351)	10	40	0.25	22563	22623
T22917G(S:L452R) C22995A(S:T478K)	10	22	0.45454545454545453	22886	22998
C22995A(S:T478K)	10	27	0.37037037037037035	22983	23023
