Covariants	Count	Max_count	Freq	Coverage_start	Coverage_end
A22786C(S:R408S) G22813T(S:K417N)	42	93	0.45161290322580644	22779	22860
T22882G(S:N440K) G22895C(S:V445P) T22896C(S:V445P) G22898A(S:G446S) T22942G(S:N460K)	30	120	0.25	22881	22942
G22813T(S:K417N) T22882G(S:N440K)	23	101	0.22772277227722773	22803	22882
T22882G(S:N440K) G22895C(S:V445P) T22896C(S:V445P) G22898A(S:G446S)	17	150	0.11333333333333333	22856	22914
T22942G(S:N460K) G22992A(S:S477N) C22995G(S:T478R)	17	123	0.13821138211382114	22921	22997
T22942G(S:N460K) G22992A(S:S477N) C22995G(S:T478R) A23013C(S:E484A) T23018C(S:F486P) T23019C(S:F486P)	16	74	0.21621621621621623	22935	23023
G22895C(S:V445P) T22896C(S:V445P) G22898A(S:G446S) T22942G(S:N460K)	12	134	0.08955223880597014	22886	22982
