Covariants	Count	Max_count	Freq	Coverage_start	Coverage_end
G22775A(S:D405N) A22786C(S:R408S) G22813T(S:K417N)	20	21	0.9523809523809523	22773	22813
C22674T(S:S371F) T22679C(S:S373P) C22686T(S:S375F) A22688G(S:T376A)	15	15	1.0	22671	22706
G22775A(S:D405N) A22786C(S:R408S)	11	31	0.3548387096774194	22734	22791
