Covariants	Count	Max_count	Freq	Coverage_start	Coverage_end
C22995A(S:T478K)	16	31	0.5161290322580645	22992	23049
T22917G(S:L452R) C22995A(S:T478K)	12	22	0.5454545454545454	22886	23005
