Covariants	Count	Max_count	Freq	Coverage_start	Coverage_end
C23202A(S:T547K)	249	270	0.9222222222222223	23157	23232
C22674T(S:S371F) T22679C(S:S373P) C22686T(S:S375F) A22688G(S:T376A)	107	134	0.7985074626865671	22660	22701
G22775A(S:D405N) A22786C(S:R408S) G22813T(S:K417N)	91	148	0.6148648648648649	22772	22814
A22786C(S:R408S) G22813T(S:K417N)	32	154	0.2077922077922078	22782	22867
C22674T(S:S371F) T22679C(S:S373P) C22686T(S:S375F) A22688G(S:T376A) G22775A(S:D405N)	18	22	0.8181818181818182	22665	22775
G22578A(S:G339D)	12	21	0.5714285714285714	22556	22657
G22775A(S:D405N) A22786C(S:R408S)	12	170	0.07058823529411765	22731	22792
G22775A(S:D405N) A22786C(S:R408S) G22813T(S:K417N) G22844C(S:D428H)	12	119	0.10084033613445378	22770	22849
A22786C(S:R408S) G22813T(S:K417N) G22844C(S:D428H)	11	125	0.088	22782	22873
