Covariants	Count	Max_count	Freq	Coverage_start	Coverage_end
C23123T(S:P521S)	56	127	0.4409448818897638	23121	23175
T22882G(S:N440K) G22895C(S:V445P) T22896C(S:V445P) G22898A(S:G446S) T22942G(S:N460K)	26	83	0.3132530120481928	22881	22943
A23055G(S:Q498R) A23063T(S:N501Y) T23075C(S:Y505H) C23123T(S:P521S)	24	43	0.5581395348837209	23054	23129
T23031C(S:F490S) A23055G(S:Q498R) A23063T(S:N501Y) T23075C(S:Y505H)	23	64	0.359375	23030	23110
A23063T(S:N501Y) T23075C(S:Y505H) C23123T(S:P521S)	17	60	0.2833333333333333	23060	23147
A22786C(S:R408S) G22813T(S:K417N)	13	64	0.203125	22782	22864
A22786C(S:R408S) A22790G(S:I410V) G22813T(S:K417N)	12	64	0.1875	22784	22860
T23031C(S:F490S) A23055G(S:Q498R) A23063T(S:N501Y) T23075C(S:Y505H) C23123T(S:P521S)	10	17	0.5882352941176471	23030	23123
