Covariants	Count	Max_count	Freq	Coverage_start	Coverage_end
G22813T(S:K417N) T22882G(S:N440K)	14	90	0.15555555555555556	22801	22887
T22882G(S:N440K) G22895C(S:V445P) T22896C(S:V445P) G22898A(S:G446S) T22942G(S:N460K)	12	98	0.12244897959183673	22871	22943
