Covariants	Count	Max_count	Freq	Coverage_start	Coverage_end
T22917G(S:L452R) C22995A(S:T478K)	42	63	0.6666666666666666	22916	22997
T22917G(S:L452R)	19	75	0.25333333333333335	22880	22921
C22995A(S:T478K)	16	72	0.2222222222222222	22988	23049
