Covariants	Count	Max_count	Freq	Coverage_start	Coverage_end
C23202A(S:T547K)	233	335	0.6955223880597015	23157	23229
G22775A(S:D405N) A22786C(S:R408S) G22813T(S:K417N)	151	194	0.7783505154639175	22772	22813
C22674T(S:S371F) T22679C(S:S373P) C22686T(S:S375F) A22688G(S:T376A)	94	165	0.5696969696969697	22671	22697
A22786C(S:R408S) G22813T(S:K417N)	38	197	0.19289340101522842	22780	22865
G23204T(S:G548C)	27	335	0.08059701492537313	23152	23232
C22674T(S:S371F) T22679C(S:S373P) C22686T(S:S375F) A22688G(S:T376A) G22775A(S:D405N)	26	28	0.9285714285714286	22665	22775
G22599C(S:R346T) C22674T(S:S371F) T22679C(S:S373P) C22686T(S:S375F) A22688G(S:T376A)	21	39	0.5384615384615384	22598	22702
G22578A(S:G339D) G22599C(S:R346T)	12	32	0.375	22566	22655
