Covariants	Count	Max_count	Freq	Coverage_start	Coverage_end
C23123A(S:P521T)	1656	7516	0.22032996274614156	23122	23193
A23203G(S:T547T)	11	10973	0.0010024605850724505	23143	23203
