Covariants	Count	Max_count	Freq	Coverage_start	Coverage_end
C22674T(S:S371F) T22679C(S:S373P) C22686T(S:S375F) A22688G(S:T376A)	31	40	0.775	22653	22704
C23202A(S:T547K)	19	35	0.5428571428571428	23151	23228
G22775A(S:D405N) A22786C(S:R408S) G22813T(S:K417N)	14	32	0.4375	22774	22814
G22775A(S:D405N) A22786C(S:R408S) A22812C(S:K417T) G22813T(S:K417T)	11	32	0.34375	22753	22827
