Covariants	Count	Max_count	Freq	Coverage_start	Coverage_end
C22674T(S:S371F) T22679C(S:S373P) C22686T(S:S375F) A22688G(S:T376A)	158	212	0.7452830188679245	22670	22691
G22775A(S:D405N) A22786C(S:R408S) G22813T(S:K417N)	96	150	0.64	22773	22813
G22775A(S:D405N) A22786C(S:R408S)	52	214	0.24299065420560748	22731	22791
G22578A(S:G339D)	24	37	0.6486486486486487	22573	22655
A22786C(S:R408S) G22813T(S:K417N)	15	162	0.09259259259259259	22783	22849
G22813T(S:K417N)	15	181	0.08287292817679558	22789	22873
C22686T(S:S375F) A22688G(S:T376A) G22775A(S:D405N)	13	25	0.52	22682	22781
