Covariants	Count	Max_count	Freq	Coverage_start	Coverage_end
C22674T(S:S371F) T22679C(S:S373P) C22686T(S:S375F) A22688G(S:T376A)	121	129	0.937984496124031	22672	22693
G22775A(S:D405N) A22786C(S:R408S) G22813T(S:K417N)	95	104	0.9134615384615384	22772	22813
G22775A(S:D405N) A22786C(S:R408S)	42	147	0.2857142857142857	22719	22786
G22578A(S:G339D)	25	26	0.9615384615384616	22571	22656
A22786C(S:R408S) G22813T(S:K417N)	10	113	0.08849557522123894	22784	22865
G22813T(S:K417N)	10	123	0.08130081300813008	22792	22866
