Covariants	Count	Max_count	Freq	Coverage_start	Coverage_end
C22674T(S:S371F) T22679C(S:S373P) C22686T(S:S375F) A22688G(S:T376A)	144	203	0.7093596059113301	22665	22692
G22775A(S:D405N) A22786C(S:R408S) G22813T(S:K417N)	92	137	0.6715328467153284	22774	22813
G22775A(S:D405N) A22786C(S:R408S)	42	201	0.208955223880597	22754	22786
G22578A(S:G339D)	27	40	0.675	22571	22656
C22686T(S:S375F) A22688G(S:T376A) G22775A(S:D405N)	15	24	0.625	22682	22781
G22813T(S:K417N)	13	164	0.07926829268292683	22789	22821
A22786C(S:R408S) G22813T(S:K417N)	11	147	0.07482993197278912	22782	22865
