Covariants	Count	Max_count	Freq	Coverage_start	Coverage_end
A22600G(S:R346R)	23	29	0.7931034482758621	22598	22607
T22917G(S:L452R) C22995A(S:T478K)	13	17	0.7647058823529411	22916	23005
