Covariants	Count	Max_count	Freq	Coverage_start	Coverage_end
C22674T(S:S371F) T22679C(S:S373P) C22686T(S:S375F) A22688G(S:T376A)	27	29	0.9310344827586207	22672	22699
G22775A(S:D405N) A22786C(S:R408S) G22813T(S:K417N)	17	19	0.8947368421052632	22774	22813
