Covariants	Count	Max_count	Freq	Coverage_start	Coverage_end
C22995A(S:T478K)	13	34	0.38235294117647056	22993	23009
T22917G(S:L452R) C22995A(S:T478K)	12	27	0.4444444444444444	22900	23049
