Covariants	Count	Max_count	Freq	Coverage_start	Coverage_end
C22674T(S:S371F) T22679C(S:S373P) C22686T(S:S375F) A22688G(S:T376A)	43	61	0.7049180327868853	22660	22702
G22775A(S:D405N) A22786C(S:R408S) A22812C(S:K417T) G22813T(S:K417T)	27	55	0.4909090909090909	22772	22817
G22775A(S:D405N) A22786C(S:R408S) G22813T(S:K417N)	11	55	0.2	22753	22814
C22674T(S:S371F) T22679C(S:S373P) C22686T(S:S375F) A22688G(S:T376A) G22775A(S:D405N)	10	12	0.8333333333333334	22665	22778
