Covariants	Count	Max_count	Freq	Coverage_start	Coverage_end
G22577C(S:G339H) G22578A(S:G339H) G22599C(S:R346T) C22664A(S:L368I) C22674T(S:S371F) T22679C(S:S373P) C22686T(S:S375F) A22688G(S:T376A)	39	81	0.48148148148148145	22563	22697
G22577C(S:G339H) G22578A(S:G339H) G22599C(S:R346T)	26	121	0.21487603305785125	22558	22603
C22664A(S:L368I) C22674T(S:S371F) T22679C(S:S373P) C22686T(S:S375F) A22688G(S:T376A)	21	164	0.12804878048780488	22663	22704
C22664A(S:L368I) C22674T(S:S371F) T22679C(S:S373P) C22686T(S:S375F) A22688G(S:T376A) G22775A(S:D405N) A22786C(S:R408S) G22813T(S:K417N)	19	38	0.5	22663	22815
G22775A(S:D405N) A22786C(S:R408S) G22813T(S:K417N)	17	61	0.2786885245901639	22736	22827
G22577C(S:G339H) G22578A(S:G339H) G22599C(S:R346T) C22664A(S:L368I)	10	93	0.10752688172043011	22571	22669
