Covariants	Count	Max_count	Freq	Coverage_start	Coverage_end
C22995A(S:T478K)	269	849	0.3168433451118963	22989	23086
G22992A(S:S477N) C22995A(S:T478K) A23013C(S:E484A)	80	843	0.09489916963226572	22989	23089
T22917G(S:L452R)	79	259	0.305019305019305	22880	22951
T22917G(S:L452R) C22995A(S:T478K) T23031C(S:F490S)	50	137	0.36496350364963503	22880	23054
T22917G(S:L452R) C22995A(S:T478K)	47	137	0.34306569343065696	22880	23054
G22813T(S:K417N)	31	218	0.14220183486238533	22739	22839
