Covariants	Count	Max_count	Freq	Coverage_start	Coverage_end
G22813C(S:K417N) A22852G(S:T430T)	47	139	0.3381294964028777	22779	22853
G22775A(S:D405N) A22786C(S:R408S) A22812C(S:K417T) G22813T(S:K417T)	30	165	0.18181818181818182	22773	22817
C22674T(S:S371F) T22679C(S:S373P) C22686T(S:S375F) A22688G(S:T376A)	28	135	0.2074074074074074	22660	22700
A22786C(S:R408S) A22812C(S:K417T) G22813T(S:K417T)	14	176	0.07954545454545454	22784	22867
