Covariants	Count	Max_count	Freq	Coverage_start	Coverage_end
A22786C(S:R408S) G22813T(S:K417N)	37	87	0.42528735632183906	22782	22860
T22882G(S:N440K) G22895C(S:V445P) T22896C(S:V445P) G22898A(S:G446S) T22928C(S:F456L) T22942G(S:N460K)	36	115	0.3130434782608696	22881	22942
G22813T(S:K417N) T22882G(S:N440K)	18	91	0.1978021978021978	22800	22890
T22928C(S:F456L) T22942G(S:N460K) G22992A(S:S477N) C22995G(S:T478R) A23013C(S:E484A)	14	83	0.1686746987951807	22917	23015
A22786C(S:R408S) G22813T(S:K417N) T22882G(S:N440K)	12	50	0.24	22784	22882
T22928C(S:F456L) T22942G(S:N460K) G22992A(S:S477N) C22995G(S:T478R)	11	110	0.1	22925	22997
