Covariants	Count	Max_count	Freq	Coverage_start	Coverage_end
A23013C(S:E484A) A23055G(S:Q498R)	18	44	0.4090909090909091	23008	23058
A22600C(S:R346S)	12	49	0.24489795918367346	22516	22618
