Covariants	Count	Max_count	Freq	Coverage_start	Coverage_end
C23202A(S:T547K)	86	263	0.3269961977186312	23157	23228
C22674T(S:S371F) T22679C(S:S373P) C22686T(S:S375F) A22688G(S:T376A)	31	38	0.8157894736842105	22665	22704
G22775A(S:D405N) A22786C(S:R408S) G22813T(S:K417N)	24	50	0.48	22753	22817
A22786C(S:R408S) G22813T(S:K417N) G22865T(S:A435S)	13	33	0.3939393939393939	22779	22865
G22775A(S:D405N) A22786C(S:R408S) G22813T(S:K417N) G22865T(S:A435S)	12	29	0.41379310344827586	22770	22865
