Covariants	Count	Max_count	Freq	Coverage_start	Coverage_end
G22775A(S:D405N) A22786C(S:R408S) G22813T(S:K417N)	85	134	0.6343283582089553	22772	22813
C22674T(S:S371F) T22679C(S:S373P) C22686T(S:S375F) A22688G(S:T376A)	84	122	0.6885245901639344	22665	22699
G22775A(S:D405N) A22786C(S:R408S) A22812C(S:K417T) G22813T(S:K417T)	23	134	0.17164179104477612	22769	22817
C22674T(S:S371F) T22679C(S:S373P) C22686T(S:S375F) A22688G(S:T376A) G22775A(S:D405N)	22	30	0.7333333333333333	22665	22775
G22578A(S:G339D)	21	33	0.6363636363636364	22571	22655
A22786C(S:R408S) G22813T(S:K417N)	16	140	0.11428571428571428	22782	22873
A23235T(S:K558M)	10	107	0.09345794392523364	23150	23239
