Covariants	Count	Max_count	Freq	Coverage_start	Coverage_end
C23277T(S:T572I)	549	620	0.885483870967742	23156	23277
A23063G(S:N501D)	32	1155	0.027705627705627706	23062	23188
T22917G(S:L452R) C22995A(S:T478K)	21	51	0.4117647058823529	22916	22997
C22995A(S:T478K)	15	72	0.20833333333333334	22969	23023
A23013C(S:E484A) A23055G(S:Q498R)	14	51	0.27450980392156865	23008	23063
T22917G(S:L452R)	13	76	0.17105263157894737	22853	22923
A22600C(S:R346S)	11	106	0.10377358490566038	22556	22608
(22546,'T')(S:INS329) A22600C(S:R346S)	10	98	0.10204081632653061	22521	22608
