Covariants	Count	Max_count	Freq	Coverage_start	Coverage_end
C23202A(S:T547K)	225	243	0.9259259259259259	23157	23228
C23202A(S:T547K) T23268C(S:I569T)	11	46	0.2391304347826087	23155	23268
