Covariants	Count	Max_count	Freq	Coverage_start	Coverage_end
C22674T(S:S371F) T22679C(S:S373P) C22686T(S:S375F) A22688G(S:T376A)	40	46	0.8695652173913043	22665	22698
G22775A(S:D405N) A22786C(S:R408S) G22813T(S:K417N)	32	35	0.9142857142857143	22774	22813
G22578A(S:G339D)	15	15	1.0	22571	22656
G22775A(S:D405N) A22786C(S:R408S)	13	50	0.26	22729	22791
