Covariants	Count	Max_count	Freq	Coverage_start	Coverage_end
A22786C(S:R408S) G22813T(S:K417N)	50	124	0.4032258064516129	22778	22860
T22882G(S:N440K) G22895C(S:V445P) T22896C(S:V445P) G22898A(S:G446S) T22942G(S:N460K)	50	170	0.29411764705882354	22881	22942
G22813T(S:K417N) T22882G(S:N440K)	18	104	0.17307692307692307	22803	22882
T22942G(S:N460K) G22992A(S:S477N) C22995A(S:T478K)	18	149	0.12080536912751678	22921	22997
A22786C(S:R408S) G22813T(S:K417N) T22882G(S:N440K)	17	70	0.24285714285714285	22784	22882
T22942G(S:N460K) G22992A(S:S477N) C22995A(S:T478K) A23013C(S:E484A)	14	108	0.12962962962962962	22917	23014
T22882G(S:N440K) G22895C(S:V445P) T22896C(S:V445P) G22898A(S:G446S)	13	193	0.06735751295336788	22844	22916
G22895C(S:V445P) T22896C(S:V445P) G22898A(S:G446S) T22942G(S:N460K)	13	181	0.0718232044198895	22887	22969
T22942G(S:N460K) G22992A(S:S477N) C22995A(S:T478K) A23013C(S:E484A) T23018C(S:F486P) T23019C(S:F486P)	10	86	0.11627906976744186	22935	23024
