Covariants	Count	Max_count	Freq	Coverage_start	Coverage_end
C23039A(S:Q493K)	51	102	0.5	23028	23049
T22501C(S:Y313Y) C22530A(S:T323K) A22622G(S:N354D)	36	86	0.4186046511627907	22492	22622
A22812C(S:K417T)	24	78	0.3076923076923077	22779	22828
T22501C(S:Y313Y) C22530A(S:T323K)	20	117	0.17094017094017094	22487	22558
T22917G(S:L452R) C22995A(S:T478K)	12	64	0.1875	22916	22997
T22917G(S:L452R)	10	85	0.11764705882352941	22823	22930
