Covariants	Count	Max_count	Freq	Coverage_start	Coverage_end
T22917G(S:L452R) C22995A(S:T478K)	22	47	0.46808510638297873	22916	23005
C22995A(S:T478K)	17	57	0.2982456140350877	22990	23049
T22917G(S:L452R)	15	63	0.23809523809523808	22847	22921
