Covariants	Count	Max_count	Freq	Coverage_start	Coverage_end
G22775A(S:D405N) A22786C(S:R408S) G22813T(S:K417N)	174	224	0.7767857142857143	22772	22814
C22674T(S:S371F) T22679C(S:S373P) C22686T(S:S375F) A22688G(S:T376A)	136	173	0.7861271676300579	22665	22698
A22786C(S:R408S) G22813T(S:K417N)	49	235	0.20851063829787234	22784	22865
C23202A(S:T547K)	49	204	0.24019607843137256	23156	23234
C22674T(S:S371F) T22679C(S:S373P) C22686T(S:S375F) A22688G(S:T376A) G22775A(S:D405N)	22	26	0.8461538461538461	22665	22775
G22578A(S:G339D)	15	33	0.45454545454545453	22563	22657
G22775A(S:D405N) A22786C(S:R408S)	13	248	0.05241935483870968	22745	22791
G22578A(S:G339D) C22674T(S:S371F) T22679C(S:S373P)	11	12	0.9166666666666666	22563	22679
