Covariants	Count	Max_count	Freq	Coverage_start	Coverage_end
C22995A(S:T478K)	18	40	0.45	22993	23007
T22917G(S:L452R) C22995A(S:T478K)	16	33	0.48484848484848486	22916	23005
T22555C(S:N331N)	13	100	0.13	22486	22569
T22917G(S:L452R)	12	45	0.26666666666666666	22885	22925
