Covariants	Count	Max_count	Freq	Coverage_start	Coverage_end
C22674T(S:S371F) T22679C(S:S373P) C22686T(S:S375F) A22688G(S:T376A)	136	174	0.7816091954022989	22665	22697
G22775A(S:D405N) A22786C(S:R408S) G22813T(S:K417N)	114	160	0.7125	22774	22813
A22786C(S:R408S) G22813T(S:K417N)	39	167	0.23353293413173654	22777	22830
C22674T(S:S371F) T22679C(S:S373P) C22686T(S:S375F) A22688G(S:T376A) G22775A(S:D405N)	20	27	0.7407407407407407	22665	22775
G22775A(S:D405N) A22786C(S:R408S)	13	180	0.07222222222222222	22702	22797
C23202A(S:T547K)	13	14	0.9285714285714286	23155	23236
