Covariants	Count	Max_count	Freq	Coverage_start	Coverage_end
A22812C(S:K417T)	31	85	0.36470588235294116	22801	22812
A22812C(S:K417T) T22917G(S:L452R)	14	49	0.2857142857142857	22788	22923
A22622G(S:N354D)	12	93	0.12903225806451613	22614	22622
T22917G(S:L452R) T22942G(S:N460K) C22995A(S:T478K)	12	53	0.22641509433962265	22893	23018
T22917G(S:L452R) T22942G(S:N460K) C22995A(S:T478K) G23016T(S:G485V)	12	50	0.24	22916	23025
T22942G(S:N460K) C22995A(S:T478K)	12	69	0.17391304347826086	22941	23022
A22812C(S:K417T) T22917G(S:L452R) T22942G(S:N460K)	11	37	0.2972972972972973	22772	22944
