Covariants	Count	Max_count	Freq	Coverage_start	Coverage_end
C22674T(S:S371F) T22679C(S:S373P) C22686T(S:S375F) A22688G(S:T376A)	29	37	0.7837837837837838	22671	22699
G22775A(S:D405N) A22786C(S:R408S) G22813T(S:K417N)	20	20	1.0	22769	22814
C23202A(S:T547K)	16	222	0.07207207207207207	23155	23232
