Covariants	Count	Max_count	Freq	Coverage_start	Coverage_end
C23202A(S:T547K)	92	144	0.6388888888888888	23156	23232
G22775A(S:D405N) A22786C(S:R408S) G22813T(S:K417N)	27	31	0.8709677419354839	22774	22815
C22674T(S:S371F) T22679C(S:S373P) C22686T(S:S375F) A22688G(S:T376A)	19	29	0.6551724137931034	22653	22706
