Covariants	Count	Max_count	Freq	Coverage_start	Coverage_end
C23123T(S:P521S)	5711	19289	0.2960754834361553	23122	23193
G23205A(S:G548D)	34	24962	0.0013620703469273295	23155	23211
(23143,1)(S:DEL528)	14	28192	0.0004965947786606129	23140	23193
A23203G(S:T547T)	12	27994	0.00042866328498964064	23143	23203
A23209G(S:T549T)	11	24693	0.0004454703762199814	23140	23211
A23203T(S:T547T)	10	27994	0.00035721940415803385	23148	23203
