Covariants	Count	Max_count	Freq	Coverage_start	Coverage_end
A22812C(S:K417T)	12	38	0.3157894736842105	22757	22817
A22812C(S:K417T) T22942G(S:N460K)	11	23	0.4782608695652174	22808	22944
