Covariants	Count	Max_count	Freq	Coverage_start	Coverage_end
T22917G(S:L452R) C22995A(S:T478K)	61	121	0.5041322314049587	22916	22997
A22461G(S:K300R)	26	137	0.1897810218978102	22460	22557
T22465C(S:C301C)	23	141	0.16312056737588654	22463	22561
A22812C(S:K417T)	21	111	0.1891891891891892	22808	22828
C22995A(S:T478K)	19	143	0.13286713286713286	22988	23053
A22812C(S:K417T) T22917G(S:L452R)	16	83	0.1927710843373494	22801	22921
A22812C(S:K417T) T22917G(S:L452R) C22995A(S:T478K)	12	57	0.21052631578947367	22779	23001
