Covariants	Count	Max_count	Freq	Coverage_start	Coverage_end
G22775A(S:D405N) A22786C(S:R408S) G22813T(S:K417N)	75	80	0.9375	22772	22813
C22674T(S:S371F) T22679C(S:S373P) C22686T(S:S375F) A22688G(S:T376A)	73	83	0.8795180722891566	22669	22693
G22775A(S:D405N) A22786C(S:R408S)	34	115	0.2956521739130435	22721	22786
G22578A(S:G339D)	18	24	0.75	22571	22655
C23202A(S:T547K)	15	160	0.09375	23155	23230
A22786C(S:R408S) G22813T(S:K417N)	12	90	0.13333333333333333	22784	22864
