Covariants	Count	Max_count	Freq	Coverage_start	Coverage_end
T23104C(S:S514S)	14	42	0.3333333333333333	23090	23144
C22995A(S:T478K)	11	33	0.3333333333333333	22988	23005
T22917G(S:L452R) C22995A(S:T478K)	10	24	0.4166666666666667	22916	23015
