Covariants	Count	Max_count	Freq	Coverage_start	Coverage_end
G22578A(S:G339D)	99	186	0.532258064516129	22541	22579
C23202A(S:T547K)	16	72	0.2222222222222222	23148	23222
G22578A(S:G339D) T22673C(S:S371L) C22674T(S:S371L) T22679C(S:S373P) C22686T(S:S375F)	14	58	0.2413793103448276	22568	22704
G22578A(S:G339D) C22674T(S:S371F) T22679C(S:S373P) C22686T(S:S375F)	11	58	0.1896551724137931	22575	22698
T22673C(S:S371L) C22674T(S:S371L) T22679C(S:S373P) C22686T(S:S375F)	10	123	0.08130081300813008	22651	22732
