Covariants	Count	Max_count	Freq	Coverage_start	Coverage_end
A23223C(S:E554A)	104	441	0.23582766439909297	23152	23223
C23202T(S:T547I)	54	883	0.061155152887882216	23155	23202
C23123T(S:P521S)	37	600	0.06166666666666667	23120	23193
G22577C(S:G339H) G22578A(S:G339H) G22599C(S:R346T) C22664A(S:L368I) C22674T(S:S371F) T22679C(S:S373P) C22686T(S:S375F) A22688G(S:T376A)	15	28	0.5357142857142857	22563	22704
