Covariants	Count	Max_count	Freq	Coverage_start	Coverage_end
C22674T(S:S371F) T22679C(S:S373P) C22686T(S:S375F) A22688G(S:T376A)	102	188	0.5425531914893617	22665	22696
G22775A(S:D405N) A22786C(S:R408S) G22813T(S:K417N)	90	215	0.4186046511627907	22774	22814
G22775A(S:D405N) A22786C(S:R408S) A22812C(S:K417T) G22813T(S:K417T)	27	215	0.12558139534883722	22774	22817
A22786C(S:R408S) G22813T(S:K417N)	26	222	0.11711711711711711	22776	22857
C22674T(S:S371F) T22679C(S:S373P) C22686T(S:S375F) A22688G(S:T376A) G22775A(S:D405N)	23	32	0.71875	22665	22775
G22578A(S:G339D)	16	39	0.41025641025641024	22573	22659
G22775A(S:D405N) A22786C(S:R408S)	12	236	0.05084745762711865	22724	22787
