Covariants	Count	Max_count	Freq	Coverage_start	Coverage_end
C23123T(S:P521S)	490	1694	0.2892561983471074	23122	23193
A23223T(S:E554V)	93	1150	0.0808695652173913	23154	23223
T22566C(S:L335S) G22577C(S:G339H) G22578A(S:G339H) G22599C(S:R346T)	14	34	0.4117647058823529	22549	22608
C22664A(S:L368I) C22674T(S:S371F) T22679C(S:S373P) C22686T(S:S375F) A22688G(S:T376A)	11	47	0.23404255319148937	22651	22704
