Covariants	Count	Max_count	Freq	Coverage_start	Coverage_end
C22674T(S:S371F) T22679C(S:S373P) C22686T(S:S375F) A22688G(S:T376A)	97	245	0.39591836734693875	22665	22692
G22775A(S:D405N) A22786C(S:R408S) G22813T(S:K417N)	78	300	0.26	22774	22813
G22775A(S:D405N) A22786C(S:R408S) A22812C(S:K417T) G22813T(S:K417T)	33	300	0.11	22771	22817
C22674T(S:S371F) T22679C(S:S373P) C22686T(S:S375F) A22688G(S:T376A) G22775A(S:D405N)	23	53	0.4339622641509434	22672	22775
A22786C(S:R408S) G22813T(S:K417N)	21	316	0.06645569620253164	22784	22851
G22775A(S:D405N) A22786C(S:R408S)	17	345	0.04927536231884058	22726	22791
A22786C(S:R408S) A22812C(S:K417T) G22813T(S:K417T)	15	316	0.04746835443037975	22776	22863
G22578A(S:G339D)	12	65	0.18461538461538463	22573	22655
G22578A(S:G339D) C22674T(S:S371F) T22679C(S:S373P)	10	19	0.5263157894736842	22570	22680
