Covariants	Count	Max_count	Freq	Coverage_start	Coverage_end
G22577C(S:G339H) G22578A(S:G339H) G22599C(S:R346T)	90	185	0.4864864864864865	22563	22599
C22664A(S:L368I) C22674T(S:S371F) T22679C(S:S373P) C22686T(S:S375F) A22688G(S:T376A)	67	147	0.4557823129251701	22661	22701
G22577C(S:G339H) G22578A(S:G339H) G22599C(S:R346T) C22664A(S:L368I) C22674T(S:S371F) T22679C(S:S373P) C22686T(S:S375F) A22688G(S:T376A)	25	59	0.423728813559322	22571	22706
G22487C(S:E309Q)	16	53	0.3018867924528302	22479	22557
G22487C(S:E309Q) G22577C(S:G339H) G22578A(S:G339H) G22599C(S:R346T)	15	37	0.40540540540540543	22483	22617
