Covariants	Count	Max_count	Freq	Coverage_start	Coverage_end
C22995A(S:T478K)	22	64	0.34375	22993	23049
T22917G(S:L452R) C22995A(S:T478K)	17	45	0.37777777777777777	22893	22997
