Covariants	Count	Max_count	Freq	Coverage_start	Coverage_end
C22674T(S:S371F) T22679C(S:S373P) C22686T(S:S375F) A22688G(S:T376A)	26	30	0.8666666666666667	22672	22693
G22775A(S:D405N) A22786C(S:R408S) A22812C(S:K417T) G22813T(S:K417T)	11	15	0.7333333333333333	22771	22827
G22578A(S:G339D)	10	10	1.0	22571	22656
