Covariants	Count	Max_count	Freq	Coverage_start	Coverage_end
(22487,'A')(S:INS310)	20	59	0.3389830508474576	22483	22566
G22578A(S:G339D)	14	76	0.18421052631578946	22525	22580
A23013C(S:E484A) C23054T(S:Q498Y) A23056C(S:Q498Y) T23075C(S:Y505H)	10	52	0.19230769230769232	22996	23081
