Covariants	Count	Max_count	Freq	Coverage_start	Coverage_end
T22917G(S:L452R) C22995A(S:T478K)	114	197	0.5786802030456852	22916	22997
C22995A(S:T478K)	64	236	0.2711864406779661	22990	23023
T22917G(S:L452R)	60	256	0.234375	22916	22919
G22424A(S:A288T)	17	144	0.11805555555555555	22423	22567
