Covariants	Count	Max_count	Freq	Coverage_start	Coverage_end
C22674T(S:S371F) T22679C(S:S373P) C22686T(S:S375F) A22688G(S:T376A)	88	113	0.7787610619469026	22660	22702
G22775A(S:D405N) A22786C(S:R408S) A22812C(S:K417T) G22813T(S:K417T)	65	99	0.6565656565656566	22769	22817
A22786C(S:R408S) A22812C(S:K417T) G22813T(S:K417T)	19	103	0.18446601941747573	22778	22865
G22775A(S:D405N) A22786C(S:R408S)	18	130	0.13846153846153847	22707	22787
G22578A(S:G339D)	16	21	0.7619047619047619	22556	22657
C22674T(S:S371F) T22679C(S:S373P) C22686T(S:S375F) A22688G(S:T376A) G22775A(S:D405N)	15	19	0.7894736842105263	22665	22775
G22775A(S:D405N) A22786C(S:R408S) G22813T(S:K417N)	11	99	0.1111111111111111	22774	22815
