Covariants	Count	Max_count	Freq	Coverage_start	Coverage_end
A22786C(S:R408S) G22813T(S:K417N)	35	129	0.2713178294573643	22779	22858
T22882G(S:N440K) G22895C(S:V445P) T22896C(S:V445P) G22898A(S:G446S) T22928C(S:F456L) T22942G(S:N460K)	34	197	0.17258883248730963	22881	22943
G22813T(S:K417N) T22882G(S:N440K)	26	145	0.1793103448275862	22801	22889
C22664A(S:L368I) C22674T(S:S371F) T22679C(S:S373P) C22686T(S:S375F) A22688G(S:T376A)	19	64	0.296875	22660	22704
G22577C(S:G339H) G22578A(S:G339H) G22599C(S:R346T)	14	49	0.2857142857142857	22556	22600
T22882G(S:N440K) G22895C(S:V445P) T22896C(S:V445P) G22898A(S:G446S)	12	217	0.055299539170506916	22842	22914
G22895C(S:V445P) T22896C(S:V445P) G22898A(S:G446S) T22928C(S:F456L) T22942G(S:N460K)	12	213	0.056338028169014086	22887	22945
T22928C(S:F456L) T22942G(S:N460K) G22992A(S:S477N)	11	224	0.049107142857142856	22905	22993
