Covariants	Count	Max_count	Freq	Coverage_start	Coverage_end
C23123T(S:P521S)	1299	2754	0.47167755991285404	23122	23193
C22664A(S:L368I) C22674T(S:S371F) T22679C(S:S373P) C22686T(S:S375F) A22688G(S:T376A)	26	122	0.21311475409836064	22656	22697
G22577C(S:G339H) G22578A(S:G339H) G22599C(S:R346T) C22664A(S:L368I) C22674T(S:S371F) T22679C(S:S373P) C22686T(S:S375F) A22688G(S:T376A)	23	55	0.41818181818181815	22563	22704
G22577C(S:G339H) G22578A(S:G339H) G22599C(S:R346T)	19	83	0.2289156626506024	22551	22606
C22664A(S:L368I) C22674T(S:S371F) T22679C(S:S373P) C22686T(S:S375F) A22688G(S:T376A) G22775A(S:D405N) A22786C(S:R408S) G22813T(S:K417N)	18	31	0.5806451612903226	22660	22814
T22882G(S:N440K) G22895C(S:V445P) T22896C(S:V445P) G22898A(S:G446S) T22942G(S:N460K)	11	89	0.12359550561797752	22858	22945
G22577C(S:G339H) G22578A(S:G339H) C22664A(S:L368I) C22674T(S:S371F) T22679C(S:S373P) C22686T(S:S375F) A22688G(S:T376A)	10	55	0.18181818181818182	22519	22706
G22813T(S:K417N) T22882G(S:N440K)	10	66	0.15151515151515152	22801	22894
