Covariants	Count	Max_count	Freq	Coverage_start	Coverage_end
G23222A(S:E554K)	434	2800	0.155	23156	23222
C23123T(S:P521S)	220	3405	0.06461086637298091	23122	23193
G22577C(S:G339H) G22578A(S:G339H) G22599C(S:R346T) C22664A(S:L368I) C22674T(S:S371F) T22679C(S:S373P) C22686T(S:S375F) A22688G(S:T376A)	34	73	0.4657534246575342	22571	22703
C22664A(S:L368I) C22674T(S:S371F) T22679C(S:S373P) C22686T(S:S375F) A22688G(S:T376A)	25	154	0.16233766233766234	22651	22703
G22577C(S:G339H) G22578A(S:G339H) G22599C(S:R346T)	21	116	0.1810344827586207	22561	22613
G22775A(S:D405N) A22786C(S:R408S) G22813T(S:K417N)	21	70	0.3	22752	22813
C22664A(S:L368I) C22674T(S:S371F) T22679C(S:S373P) C22686T(S:S375F) A22688G(S:T376A) G22775A(S:D405N) A22786C(S:R408S) G22813T(S:K417N)	18	39	0.46153846153846156	22663	22820
