Covariants	Count	Max_count	Freq	Coverage_start	Coverage_end
C22674T(S:S371F) T22679C(S:S373P) C22686T(S:S375F) A22688G(S:T376A)	109	122	0.8934426229508197	22672	22692
G22775A(S:D405N) A22786C(S:R408S) G22813T(S:K417N)	67	74	0.9054054054054054	22774	22814
G22775A(S:D405N) A22786C(S:R408S)	38	113	0.336283185840708	22735	22789
G22578A(S:G339D)	21	30	0.7	22568	22655
C22686T(S:S375F) A22688G(S:T376A) G22775A(S:D405N)	11	16	0.6875	22682	22781
A22786C(S:R408S) G22813T(S:K417N)	11	85	0.12941176470588237	22784	22865
