Covariants	Count	Max_count	Freq	Coverage_start	Coverage_end
C22674T(S:S371F) T22679C(S:S373P) C22686T(S:S375F) A22688G(S:T376A)	61	103	0.5922330097087378	22672	22697
G22775A(S:D405N) A22786C(S:R408S) G22813T(S:K417N)	42	79	0.5316455696202531	22772	22820
G22727A(S:D389N)	39	114	0.34210526315789475	22715	22735
G22775A(S:D405N) A22786C(S:R408S)	17	109	0.1559633027522936	22711	22791
G22578A(S:G339D)	10	15	0.6666666666666666	22568	22656
