Covariants	Count	Max_count	Freq	Coverage_start	Coverage_end
T22917G(S:L452R) C22995A(S:T478K)	27	31	0.8709677419354839	22916	22997
C22995A(S:T478K)	14	46	0.30434782608695654	22988	23086
T22917G(S:L452R)	10	42	0.23809523809523808	22893	22923
