Covariants	Count	Max_count	Freq	Coverage_start	Coverage_end
A22786C(S:R408S) G22813T(S:K417N)	27	49	0.5510204081632653	22779	22860
T22882G(S:N440K) G22895C(S:V445P) T22896C(S:V445P) G22898A(S:G446S) T22928C(S:F456L) T22942G(S:N460K)	23	69	0.3333333333333333	22881	22944
