Covariants	Count	Max_count	Freq	Coverage_start	Coverage_end
C22674T(S:S371F) T22679C(S:S373P) C22686T(S:S375F) A22688G(S:T376A)	195	223	0.874439461883408	22671	22693
G22775A(S:D405N) A22786C(S:R408S) G22813T(S:K417N)	120	146	0.821917808219178	22774	22813
G22775A(S:D405N) A22786C(S:R408S)	60	214	0.2803738317757009	22739	22788
G22578A(S:G339D)	46	53	0.8679245283018868	22572	22655
A22786C(S:R408S) G22813T(S:K417N)	16	162	0.09876543209876543	22785	22865
G22775A(S:D405N)	15	239	0.06276150627615062	22700	22778
G22813T(S:K417N)	15	177	0.0847457627118644	22792	22836
C22686T(S:S375F) A22688G(S:T376A) G22775A(S:D405N)	12	13	0.9230769230769231	22681	22779
