Covariants	Count	Max_count	Freq	Coverage_start	Coverage_end
T22882G(S:N440K) A22893C(S:K444T) G22898A(S:G446S) T22917G(S:L452R) T22942G(S:N460K)	25	106	0.2358490566037736	22881	22942
A22786C(S:R408S) G22813T(S:K417N) T22882G(S:N440K) A22893C(S:K444T) G22898A(S:G446S) T22917G(S:L452R) T22942G(S:N460K)	25	54	0.46296296296296297	22784	22944
A22786C(S:R408S) G22813T(S:K417N)	14	81	0.1728395061728395	22778	22863
G22813T(S:K417N) T22882G(S:N440K) A22893C(S:K444T) G22898A(S:G446S) T22917G(S:L452R) T22942G(S:N460K)	11	70	0.15714285714285714	22805	22943
T22882G(S:N440K) A22893C(S:K444T) G22898A(S:G446S) T22917G(S:L452R)	10	127	0.07874015748031496	22853	22921
T22917G(S:L452R) T22942G(S:N460K) G22992A(S:S477N) C22995A(S:T478K) A23013C(S:E484A)	10	41	0.24390243902439024	22916	23016
