Covariants	Count	Max_count	Freq	Coverage_start	Coverage_end
C22674T(S:S371F) T22679C(S:S373P) C22686T(S:S375F) A22688G(S:T376A)	45	76	0.5921052631578947	22665	22702
G22775A(S:D405N) A22786C(S:R408S) G22813T(S:K417N)	35	78	0.44871794871794873	22770	22815
G22775A(S:D405N) A22786C(S:R408S) A22812C(S:K417T) G22813T(S:K417T)	28	78	0.358974358974359	22773	22817
G22775A(S:D405N) A22786C(S:R408S)	13	101	0.12871287128712872	22714	22791
G22599C(S:R346T) C22674T(S:S371F) T22679C(S:S373P) C22686T(S:S375F) A22688G(S:T376A)	11	20	0.55	22597	22702
C22674T(S:S371F) T22679C(S:S373P) C22686T(S:S375F) A22688G(S:T376A) G22775A(S:D405N)	10	13	0.7692307692307693	22665	22778
