Covariants	Count	Max_count	Freq	Coverage_start	Coverage_end
G22813T(S:K417N)	31	65	0.47692307692307695	22790	22814
G23012A(S:E484K) A23063T(S:N501Y)	25	56	0.44642857142857145	23006	23063
G23012A(S:E484K)	15	77	0.19480519480519481	22912	23015
(22502,1)(S:DEL315)	12	54	0.2222222222222222	22491	22592
A23063T(S:N501Y)	11	67	0.16417910447761194	23060	23157
