Covariants	Count	Max_count	Freq	Coverage_start	Coverage_end
T22573C(S:P337P)	11	12	0.9166666666666666	22563	22604
T22917G(S:L452R) C22995A(S:T478K)	10	17	0.5882352941176471	22916	22997
