Covariants	Count	Max_count	Freq	Coverage_start	Coverage_end
C22674T(S:S371F) T22679C(S:S373P) C22686T(S:S375F) A22688G(S:T376A)	103	111	0.9279279279279279	22667	22693
G22775A(S:D405N) A22786C(S:R408S) G22813T(S:K417N)	63	69	0.9130434782608695	22774	22813
G22775A(S:D405N) A22786C(S:R408S)	41	114	0.35964912280701755	22713	22791
