Covariants	Count	Max_count	Freq	Coverage_start	Coverage_end
C22570T(S:C336C) G22577C(S:G339H) G22578A(S:G339H) G22599C(S:R346T)	13	36	0.3611111111111111	22556	22600
C22664A(S:L368I) C22674T(S:S371F) T22679C(S:S373P) C22686T(S:S375F) A22688G(S:T376A)	11	36	0.3055555555555556	22656	22704
