Covariants	Count	Max_count	Freq	Coverage_start	Coverage_end
C22674T(S:S371F) T22679C(S:S373P) C22686T(S:S375F) A22688G(S:T376A)	76	108	0.7037037037037037	22665	22698
G22775A(S:D405N) A22786C(S:R408S) G22813T(S:K417N)	50	139	0.3597122302158273	22772	22813
C23202A(S:T547K)	50	484	0.10330578512396695	23156	23232
G22775A(S:D405N) A22786C(S:R408S) C22796A(S:P412T) A22812C(S:K417T) G22813T(S:K417T)	49	139	0.35251798561151076	22770	22817
C22674T(S:S371F) T22679C(S:S373P) C22686T(S:S375F) A22688G(S:T376A) G22775A(S:D405N)	23	25	0.92	22665	22775
A22786C(S:R408S) C22796A(S:P412T) A22812C(S:K417T) G22813T(S:K417T)	20	144	0.1388888888888889	22782	22863
A22786C(S:R408S) G22813T(S:K417N)	14	144	0.09722222222222222	22776	22873
G22578A(S:G339D)	12	26	0.46153846153846156	22563	22657
G22775A(S:D405N) A22786C(S:R408S)	11	173	0.06358381502890173	22709	22793
