REGION	POS	REF	ALT	REF_DP	REF_RV	REF_QUAL	ALT_DP	ALT_RV	ALT_QUAL	ALT_FREQ	TOTAL_DP	PVAL	PASS	GFF_FEATURE	REF_CODON	REF_AA	ALT_CODON	ALT_AA	POS_AA
NC_045512.2	21764	A	-TACATG	1	0	37	1	0	20	1	1	1	FALSE	NA	NA	NA	NA	NA	NA
NC_045512.2	21990	T	-TTA	1	1	37	1	0	20	1	1	1	FALSE	NA	NA	NA	NA	NA	NA
NC_045512.2	28270	T	-A	2	0	74	2	0	20	1	2	0.6	FALSE	NA	NA	NA	NA	NA	NA
NC_045512.2	28280	G	C	0	0	0	2	0	68	1	2	0.333333	FALSE	N:cds-YP_009724397.2	GAT	D	CAT	H	3
NC_045512.2	28281	A	T	0	0	0	2	0	74	1	2	0.333333	FALSE	N:cds-YP_009724397.2	GAT	D	GTT	V	3
NC_045512.2	28282	T	A	0	0	0	2	0	74	1	2	0.333333	FALSE	N:cds-YP_009724397.2	GAT	D	GAA	E	3
NC_045512.2	29254	G	A	0	0	0	1	1	37	1	1	1	FALSE	N:cds-YP_009724397.2	TCG	S	TCA	S	327
