REGION	POS	REF	ALT	REF_DP	REF_RV	REF_QUAL	ALT_DP	ALT_RV	ALT_QUAL	ALT_FREQ	TOTAL_DP	PVAL	PASS	GFF_FEATURE	REF_CODON	REF_AA	ALT_CODON	ALT_AA	POS_AA
NC_045512.2	241	C	T	0	0	0	1	0	74	1	1	1	FALSE	NA	NA	NA	NA	NA	NA
NC_045512.2	643	C	T	1	1	37	1	0	37	0.5	2	0.666667	FALSE	ORF1ab:cds-YP_009724389.1	AAC	N	AAT	N	126
NC_045512.2	643	C	T	1	1	37	1	0	37	0.5	2	0.666667	FALSE	ORF1ab:cds-YP_009725295.1	AAC	N	AAT	N	126
NC_045512.2	4138	T	A	2	1	37	1	0	25	0.333333	3	0.6	FALSE	ORF1ab:cds-YP_009724389.1	GTT	V	GTA	V	1291
NC_045512.2	4138	T	A	2	1	37	1	0	25	0.333333	3	0.6	FALSE	ORF1ab:cds-YP_009725295.1	GTT	V	GTA	V	1291
NC_045512.2	4206	C	A	0	0	0	1	1	25	1	1	1	FALSE	ORF1ab:cds-YP_009724389.1	GCG	A	GAG	E	1314
NC_045512.2	4206	C	A	0	0	0	1	1	25	1	1	1	FALSE	ORF1ab:cds-YP_009725295.1	GCG	A	GAG	E	1314
NC_045512.2	11956	C	A	0	0	0	1	0	25	1	1	1	FALSE	ORF1ab:cds-YP_009724389.1	GAC	D	GAA	E	3897
NC_045512.2	11956	C	A	0	0	0	1	0	25	1	1	1	FALSE	ORF1ab:cds-YP_009725295.1	GAC	D	GAA	E	3897
NC_045512.2	12001	T	C	0	0	0	1	0	37	1	1	1	FALSE	ORF1ab:cds-YP_009724389.1	GTT	V	GTC	V	3912
NC_045512.2	12001	T	C	0	0	0	1	0	37	1	1	1	FALSE	ORF1ab:cds-YP_009725295.1	GTT	V	GTC	V	3912
NC_045512.2	12933	C	T	0	0	0	1	0	74	1	1	1	FALSE	ORF1ab:cds-YP_009724389.1	CCT	P	CTT	L	4223
NC_045512.2	12933	C	T	0	0	0	1	0	74	1	1	1	FALSE	ORF1ab:cds-YP_009725295.1	CCT	P	CTT	L	4223
NC_045512.2	16243	G	T	0	0	0	1	0	37	1	1	1	FALSE	ORF1ab:cds-YP_009724389.1	GGG	G	TGG	W	926
NC_045512.2	16854	T	A	0	0	0	1	0	25	1	1	1	FALSE	ORF1ab:cds-YP_009724389.1	GGT	G	GGA	G	1129
NC_045512.2	16863	T	A	0	0	0	1	0	25	1	1	1	FALSE	ORF1ab:cds-YP_009724389.1	GTT	V	GTA	V	1132
NC_045512.2	16931	T	A	0	0	0	1	0	29	1	1	1	FALSE	ORF1ab:cds-YP_009724389.1	GTA	V	GAA	E	1155
NC_045512.2	16955	T	A	0	0	0	1	0	29	1	1	1	FALSE	ORF1ab:cds-YP_009724389.1	CTA	L	CAA	Q	1163
NC_045512.2	26767	T	C	0	0	0	1	1	74	1	1	1	FALSE	M:cds-YP_009724393.1	ATC	I	ACC	T	82
