REGION	POS	REF	ALT	REF_DP	REF_RV	REF_QUAL	ALT_DP	ALT_RV	ALT_QUAL	ALT_FREQ	TOTAL_DP	PVAL	PASS	GFF_FEATURE	REF_CODON	REF_AA	ALT_CODON	ALT_AA	POS_AA
NC_045512.2	14926	A	T	0	0	0	1	0	37	1	1	1	FALSE	ORF1ab:cds-YP_009724389.1	AAC	N	TAC	Y	487
NC_045512.2	28752	A	G	0	0	0	23	4	46	1	23	2.42912e-13	TRUE	N:cds-YP_009724397.2	CAA	Q	CGA	R	160
NC_045512.2	28815	A	G	31	4	51	1	0	37	0.03125	32	0.507937	FALSE	N:cds-YP_009724397.2	CAA	Q	CGA	R	181
NC_045512.2	28848	A	G	35	10	46	1	0	25	0.0277778	36	0.507042	FALSE	N:cds-YP_009724397.2	AAC	N	AGC	S	192
NC_045512.2	28881	G	T	0	0	0	43	19	42	1	43	3.01316e-25	TRUE	N:cds-YP_009724397.2	AGG	R	ATG	M	203
NC_045512.2	28916	G	T	0	0	0	38	14	46	1	38	2.90165e-22	TRUE	N:cds-YP_009724397.2	GGT	G	TGT	C	215
NC_045512.2	28968	G	A	43	20	48	1	1	37	0.0227273	44	0.505747	FALSE	N:cds-YP_009724397.2	AGC	S	AAC	N	232
NC_045512.2	29049	G	A	40	21	45	1	1	25	0.0243902	41	0.506173	FALSE	N:cds-YP_009724397.2	CGG	R	CAG	Q	259
NC_045512.2	29115	A	G	45	14	41	1	0	25	0.0217391	46	0.505495	FALSE	N:cds-YP_009724397.2	CAA	Q	CGA	R	281
NC_045512.2	29196	C	T	46	17	46	1	0	62	0.0212766	47	0.505376	FALSE	N:cds-YP_009724397.2	GCC	A	GTC	V	308
NC_045512.2	29311	C	T	0	0	0	65	22	40	1	65	2.10377e-38	TRUE	N:cds-YP_009724397.2	TTC	F	TTT	F	346
NC_045512.2	29402	G	T	0	0	0	58	17	41	1	58	3.25668e-34	TRUE	N:cds-YP_009724397.2	GAT	D	TAT	Y	377
NC_045512.2	29413	A	G	61	19	40	1	0	37	0.016129	62	0.504065	FALSE	N:cds-YP_009724397.2	CAA	Q	CAG	Q	380
NC_045512.2	29495	C	G	77	55	42	1	1	25	0.0128205	78	0.503226	FALSE	N:cds-YP_009724397.2	CAA	Q	GAA	E	408
NC_045512.2	29500	A	+T	87	54	41	1	0	20	0.0114943	87	0.505747	FALSE	NA	NA	NA	NA	NA	NA
NC_045512.2	29525	C	A	177	78	45	1	1	37	0.00561798	178	0.501408	FALSE	N:cds-YP_009724397.2	CAG	Q	AAG	K	418
NC_045512.2	29591	A	G	238	98	48	1	0	37	0.0041841	239	0.501048	FALSE	ORF10:cds-YP_009725255.1	ACG	T	GCG	A	12
NC_045512.2	29638	A	G	281	103	53	1	1	37	0.0035461	282	0.500888	FALSE	ORF10:cds-YP_009725255.1	ATA	I	ATG	M	27
NC_045512.2	29650	T	A	290	113	57	1	0	25	0.00343643	291	0.87629	FALSE	ORF10:cds-YP_009725255.1	GAT	D	GAA	E	31
NC_045512.2	29686	C	G	268	149	55	1	1	20	0.00371747	269	0.876395	FALSE	NA	NA	NA	NA	NA	NA
NC_045512.2	29742	G	T	0	0	0	231	167	55	1	231	4.52676e-138	TRUE	NA	NA	NA	NA	NA	NA
NC_045512.2	29747	G	A	230	179	52	1	1	37	0.004329	231	0.501085	FALSE	NA	NA	NA	NA	NA	NA
