REGION	POS	REF	ALT	REF_DP	REF_RV	REF_QUAL	ALT_DP	ALT_RV	ALT_QUAL	ALT_FREQ	TOTAL_DP	PVAL	PASS	GFF_FEATURE	REF_CODON	REF_AA	ALT_CODON	ALT_AA	POS_AA
NC_045512.2	670	T	G	0	0	0	1	0	37	1	1	1	FALSE	ORF1ab:cds-YP_009724389.1	AGT	S	AGG	R	135
NC_045512.2	670	T	G	0	0	0	1	0	37	1	1	1	FALSE	ORF1ab:cds-YP_009725295.1	AGT	S	AGG	R	135
NC_045512.2	7953	A	G	1	1	37	1	0	37	0.5	2	0.666667	FALSE	ORF1ab:cds-YP_009724389.1	CAG	Q	CGG	R	2563
NC_045512.2	7953	A	G	1	1	37	1	0	37	0.5	2	0.666667	FALSE	ORF1ab:cds-YP_009725295.1	CAG	Q	CGG	R	2563
NC_045512.2	17410	C	T	0	0	0	1	1	37	1	1	1	FALSE	ORF1ab:cds-YP_009724389.1	CGT	R	TGT	C	1315
NC_045512.2	17632	G	C	0	0	0	1	0	37	1	1	1	FALSE	ORF1ab:cds-YP_009724389.1	GAC	D	CAC	H	1389
NC_045512.2	22786	A	C	0	0	0	1	0	37	1	1	1	FALSE	S:cds-YP_009724390.1	AGA	R	AGC	S	408
NC_045512.2	22813	G	T	0	0	0	1	0	37	1	1	1	FALSE	S:cds-YP_009724390.1	AAG	K	AAT	N	417
NC_045512.2	22882	T	G	0	0	0	1	1	74	1	1	1	FALSE	S:cds-YP_009724390.1	AAT	N	AAG	K	440
NC_045512.2	22895	G	C	0	0	0	1	1	37	1	1	1	FALSE	S:cds-YP_009724390.1	GTT	V	CTT	L	445
NC_045512.2	22896	T	C	0	0	0	1	1	37	1	1	1	FALSE	S:cds-YP_009724390.1	GTT	V	GCT	A	445
NC_045512.2	22898	G	A	0	0	0	1	1	37	1	1	1	FALSE	S:cds-YP_009724390.1	GGT	G	AGT	S	446
NC_045512.2	22942	T	G	0	0	0	1	1	37	1	1	1	FALSE	S:cds-YP_009724390.1	AAT	N	AAG	K	460
NC_045512.2	25572	C	T	0	0	0	1	1	74	1	1	1	FALSE	ORF3a:cds-YP_009724391.1	TCC	S	TCT	S	60
NC_045512.2	25584	C	T	0	0	0	1	1	74	1	1	1	FALSE	ORF3a:cds-YP_009724391.1	ACC	T	ACT	T	64
NC_045512.2	26858	C	T	0	0	0	1	1	74	1	1	1	FALSE	M:cds-YP_009724393.1	TTC	F	TTT	F	112
NC_045512.2	28657	C	T	0	0	0	1	0	37	1	1	1	FALSE	N:cds-YP_009724397.2	GAC	D	GAT	D	128
NC_045512.2	29510	A	C	0	0	0	1	1	37	1	1	1	FALSE	N:cds-YP_009724397.2	AGT	S	CGT	R	413
NC_045512.2	29529	C	T	1	1	37	1	0	37	0.5	2	0.666667	FALSE	N:cds-YP_009724397.2	GCC	A	GTC	V	419
NC_045512.2	29530	C	T	1	0	37	1	1	37	0.5	2	0.666667	FALSE	N:cds-YP_009724397.2	GCC	A	GCT	A	419
NC_045512.2	29611	G	A	3	0	37	1	0	37	0.25	4	0.571429	FALSE	ORF10:cds-YP_009725255.1	TTG	L	TTA	L	18
NC_045512.2	29625	C	T	1	0	37	2	0	37	0.666667	3	0.3	FALSE	ORF10:cds-YP_009725255.1	TCT	S	TTT	F	23
NC_045512.2	29693	T	C	2	1	37	1	1	37	0.333333	3	0.6	FALSE	NA	NA	NA	NA	NA	NA
NC_045512.2	29733	C	-GAGGCCACGCGGAGTACGATCGAGTG	4	4	46	3	0	20	0.75	4	0.291667	FALSE	NA	NA	NA	NA	NA	NA
