REGION	POS	REF	ALT	REF_DP	REF_RV	REF_QUAL	ALT_DP	ALT_RV	ALT_QUAL	ALT_FREQ	TOTAL_DP	PVAL	PASS	GFF_FEATURE	REF_CODON	REF_AA	ALT_CODON	ALT_AA	POS_AA
NC_045512.2	1176	A	T	0	0	0	1	1	39	1	1	1	FALSE	ORF1ab:cds-YP_009724389.1	TAT	Y	TTT	F	304
NC_045512.2	1176	A	T	0	0	0	1	1	39	1	1	1	FALSE	ORF1ab:cds-YP_009725295.1	TAT	Y	TTT	F	304
NC_045512.2	18709	T	G	1	0	39	1	0	32	0.5	2	0.666667	FALSE	ORF1ab:cds-YP_009724389.1	TAT	Y	GAT	D	1748
NC_045512.2	18716	G	T	1	0	37	1	0	39	0.5	2	0.666667	FALSE	ORF1ab:cds-YP_009724389.1	TGT	C	TTT	F	1750
NC_045512.2	28512	C	G	0	0	0	1	1	37	1	1	1	FALSE	N:cds-YP_009724397.2	CCA	P	CGA	R	80
