REGION	POS	REF	ALT	REF_DP	REF_RV	REF_QUAL	ALT_DP	ALT_RV	ALT_QUAL	ALT_FREQ	TOTAL_DP	PVAL	PASS	GFF_FEATURE	REF_CODON	REF_AA	ALT_CODON	ALT_AA	POS_AA
NC_045512.2	11437	T	A	0	0	0	1	1	20	1	1	1	FALSE	ORF1ab:cds-YP_009724389.1	GGT	G	GGA	G	3724
NC_045512.2	11437	T	A	0	0	0	1	1	20	1	1	1	FALSE	ORF1ab:cds-YP_009725295.1	GGT	G	GGA	G	3724
NC_045512.2	12201	A	G	0	0	0	1	0	20	1	1	1	FALSE	ORF1ab:cds-YP_009724389.1	AAG	K	AGG	R	3979
NC_045512.2	12201	A	G	0	0	0	1	0	20	1	1	1	FALSE	ORF1ab:cds-YP_009725295.1	AAG	K	AGG	R	3979
NC_045512.2	18733	G	A	2	0	37	1	1	20	0.333333	3	0.6	FALSE	ORF1ab:cds-YP_009724389.1	GGA	G	AGA	R	1756
NC_045512.2	18745	G	C	3	0	34	1	1	20	0.25	4	0.571429	FALSE	ORF1ab:cds-YP_009724389.1	GTC	V	CTC	L	1760
