REGION	POS	REF	ALT	REF_DP	REF_RV	REF_QUAL	ALT_DP	ALT_RV	ALT_QUAL	ALT_FREQ	TOTAL_DP	PVAL	PASS	GFF_FEATURE	REF_CODON	REF_AA	ALT_CODON	ALT_AA	POS_AA
NC_045512.2	241	C	T	0	0	0	1	1	37	1	1	1	FALSE	NA	NA	NA	NA	NA	NA
NC_045512.2	4321	C	T	0	0	0	2	0	37	1	2	0.333333	FALSE	ORF1ab:cds-YP_009724389.1	GCC	A	GCT	A	1352
NC_045512.2	4321	C	T	0	0	0	2	0	37	1	2	0.333333	FALSE	ORF1ab:cds-YP_009725295.1	GCC	A	GCT	A	1352
NC_045512.2	4839	T	C	14	2	36	1	0	37	0.0666667	15	0.517241	FALSE	ORF1ab:cds-YP_009724389.1	ATA	I	ACA	T	1525
NC_045512.2	4839	T	C	14	2	36	1	0	37	0.0666667	15	0.517241	FALSE	ORF1ab:cds-YP_009725295.1	ATA	I	ACA	T	1525
NC_045512.2	5022	T	C	19	13	50	1	0	37	0.05	20	0.512821	FALSE	ORF1ab:cds-YP_009724389.1	ATG	M	ACG	T	1586
NC_045512.2	5022	T	C	19	13	50	1	0	37	0.05	20	0.512821	FALSE	ORF1ab:cds-YP_009725295.1	ATG	M	ACG	T	1586
NC_045512.2	10447	G	A	0	0	0	1	0	37	1	1	1	FALSE	ORF1ab:cds-YP_009724389.1	AGG	R	AGA	R	3394
NC_045512.2	10447	G	A	0	0	0	1	0	37	1	1	1	FALSE	ORF1ab:cds-YP_009725295.1	AGG	R	AGA	R	3394
NC_045512.2	10449	C	A	0	0	0	1	0	37	1	1	1	FALSE	ORF1ab:cds-YP_009724389.1	CCC	P	CAC	H	3395
NC_045512.2	10449	C	A	0	0	0	1	0	37	1	1	1	FALSE	ORF1ab:cds-YP_009725295.1	CCC	P	CAC	H	3395
NC_045512.2	15451	G	A	0	0	0	1	0	37	1	1	1	FALSE	ORF1ab:cds-YP_009724389.1	GGT	G	AGT	S	662
NC_045512.2	16260	C	T	0	0	0	1	0	37	1	1	1	FALSE	ORF1ab:cds-YP_009724389.1	TGC	C	TGT	C	931
NC_045512.2	21618	C	T	0	0	0	12	1	43	1	12	7.39602e-07	TRUE	S:cds-YP_009724390.1	ACA	T	ATA	I	19
NC_045512.2	21632	T	-TACCCCCTG	13	1	41	13	0	20	1	13	0.00192072	TRUE	NA	NA	NA	NA	NA	NA
NC_045512.2	21810	T	C	0	0	0	12	8	43	1	12	7.39602e-07	TRUE	S:cds-YP_009724390.1	GTC	V	GCC	A	83
NC_045512.2	21840	C	T	11	8	42	1	1	37	0.0833333	12	0.521739	FALSE	S:cds-YP_009724390.1	GCT	A	GTT	V	93
NC_045512.2	21859	C	T	0	0	0	11	8	47	1	11	2.83514e-06	TRUE	S:cds-YP_009724390.1	AAC	N	AAT	N	99
NC_045512.2	21881	G	T	5	5	37	1	0	74	0.166667	6	0.545455	FALSE	S:cds-YP_009724390.1	GGT	G	TGT	C	107
NC_045512.2	23403	A	G	0	0	0	1	0	37	1	1	1	FALSE	S:cds-YP_009724390.1	GAT	D	GGT	G	614
NC_045512.2	26709	G	A	0	0	0	1	0	74	1	1	1	FALSE	M:cds-YP_009724393.1	GCT	A	ACT	T	63
NC_045512.2	28271	A	T	0	0	0	1	0	37	1	1	1	FALSE	NA	NA	NA	NA	NA	NA
NC_045512.2	28297	T	C	0	0	0	1	0	25	1	1	1	FALSE	N:cds-YP_009724397.2	AAT	N	AAC	N	8
NC_045512.2	29510	A	C	0	0	0	2	1	55	1	2	0.333333	FALSE	N:cds-YP_009724397.2	AGT	S	CGT	R	413
NC_045512.2	29733	C	-GAGGCCACGCGGAGTACGATCGAGTG	1	1	37	1	0	20	1	1	1	FALSE	NA	NA	NA	NA	NA	NA
