REGION	POS	REF	ALT	REF_DP	REF_RV	REF_QUAL	ALT_DP	ALT_RV	ALT_QUAL	ALT_FREQ	TOTAL_DP	PVAL	PASS	GFF_FEATURE	REF_CODON	REF_AA	ALT_CODON	ALT_AA	POS_AA
NC_045512.2	991	G	C	1	0	32	1	0	36	0.5	2	0.666667	FALSE	ORF1ab:cds-YP_009724389.1	ACG	T	ACC	T	242
NC_045512.2	991	G	C	1	0	32	1	0	36	0.5	2	0.666667	FALSE	ORF1ab:cds-YP_009725295.1	ACG	T	ACC	T	242
NC_045512.2	1168	A	G	1	1	36	1	1	36	0.5	2	0.666667	FALSE	ORF1ab:cds-YP_009724389.1	CGA	R	CGG	R	301
NC_045512.2	1168	A	G	1	1	36	1	1	36	0.5	2	0.666667	FALSE	ORF1ab:cds-YP_009725295.1	CGA	R	CGG	R	301
NC_045512.2	1214	C	T	1	1	36	1	1	32	0.5	2	0.666667	FALSE	ORF1ab:cds-YP_009724389.1	CTT	L	TTT	F	317
NC_045512.2	1214	C	T	1	1	36	1	1	32	0.5	2	0.666667	FALSE	ORF1ab:cds-YP_009725295.1	CTT	L	TTT	F	317
NC_045512.2	5966	A	-AG	2	1	34	1	0	20	0.5	2	0.75	FALSE	NA	NA	NA	NA	NA	NA
NC_045512.2	5968	G	A	0	0	0	1	0	36	1	1	0.5	FALSE	ORF1ab:cds-YP_009724389.1	AAG	K	AAA	K	1901
NC_045512.2	5968	G	A	0	0	0	1	0	36	1	1	0.5	FALSE	ORF1ab:cds-YP_009725295.1	AAG	K	AAA	K	1901
NC_045512.2	9214	C	T	0	0	0	1	0	36	1	1	1	FALSE	ORF1ab:cds-YP_009724389.1	TAC	Y	TAT	Y	2983
NC_045512.2	9214	C	T	0	0	0	1	0	36	1	1	1	FALSE	ORF1ab:cds-YP_009725295.1	TAC	Y	TAT	Y	2983
NC_045512.2	9344	C	T	0	0	0	1	1	36	1	1	1	FALSE	ORF1ab:cds-YP_009724389.1	CTT	L	TTT	F	3027
NC_045512.2	9344	C	T	0	0	0	1	1	36	1	1	1	FALSE	ORF1ab:cds-YP_009725295.1	CTT	L	TTT	F	3027
NC_045512.2	14408	C	T	0	0	0	2	1	36	1	2	0.333333	FALSE	ORF1ab:cds-YP_009724389.1	CCT	P	CTT	L	314
