REGION	POS	REF	ALT	REF_DP	REF_RV	REF_QUAL	ALT_DP	ALT_RV	ALT_QUAL	ALT_FREQ	TOTAL_DP	PVAL	PASS	GFF_FEATURE	REF_CODON	REF_AA	ALT_CODON	ALT_AA	POS_AA
NC_045512.2	2790	C	T	0	0	0	1	1	34	1	1	1	FALSE	ORF1ab:cds-YP_009724389.1	ACT	T	ATT	I	842
NC_045512.2	2790	C	T	0	0	0	1	1	34	1	1	1	FALSE	ORF1ab:cds-YP_009725295.1	ACT	T	ATT	I	842
NC_045512.2	4885	T	C	0	0	0	1	1	34	1	1	1	FALSE	ORF1ab:cds-YP_009724389.1	AAT	N	AAC	N	1540
NC_045512.2	4885	T	C	0	0	0	1	1	34	1	1	1	FALSE	ORF1ab:cds-YP_009725295.1	AAT	N	AAC	N	1540
NC_045512.2	12880	C	T	0	0	0	4	0	34	1	4	0.0285714	FALSE	ORF1ab:cds-YP_009724389.1	ATC	I	ATT	I	4205
NC_045512.2	12880	C	T	0	0	0	4	0	34	1	4	0.0285714	FALSE	ORF1ab:cds-YP_009725295.1	ATC	I	ATT	I	4205
NC_045512.2	14408	C	T	0	0	0	1	1	34	1	1	1	FALSE	ORF1ab:cds-YP_009724389.1	CCT	P	CTT	L	314
NC_045512.2	26709	G	A	0	0	0	1	0	68	1	1	1	FALSE	M:cds-YP_009724393.1	GCT	A	ACT	T	63
NC_045512.2	26858	C	T	0	0	0	2	2	34	1	2	0.333333	FALSE	M:cds-YP_009724393.1	TTC	F	TTT	F	112
NC_045512.2	29510	A	C	0	0	0	1	0	34	1	1	1	FALSE	N:cds-YP_009724397.2	AGT	S	CGT	R	413
NC_045512.2	29518	C	G	0	0	0	1	0	34	1	1	1	FALSE	N:cds-YP_009724397.2	GAC	D	GAG	E	415
NC_045512.2	29733	C	-GAGGCCACGCGGAGTACGATCGAGTG	1	0	68	1	0	20	1	1	1	FALSE	NA	NA	NA	NA	NA	NA
