REGION	POS	REF	ALT	REF_DP	REF_RV	REF_QUAL	ALT_DP	ALT_RV	ALT_QUAL	ALT_FREQ	TOTAL_DP	PVAL	PASS	GFF_FEATURE	REF_CODON	REF_AA	ALT_CODON	ALT_AA	POS_AA
NC_045512.2	9333	C	A	0	0	0	2	1	34	1	2	0.333333	FALSE	ORF1ab:cds-YP_009724389.1	GCT	A	GAT	D	3023
NC_045512.2	9333	C	A	0	0	0	2	1	34	1	2	0.333333	FALSE	ORF1ab:cds-YP_009725295.1	GCT	A	GAT	D	3023
NC_045512.2	9397	A	C	0	0	0	2	1	34	1	2	0.333333	FALSE	ORF1ab:cds-YP_009724389.1	TCA	S	TCC	S	3044
NC_045512.2	9397	A	C	0	0	0	2	1	34	1	2	0.333333	FALSE	ORF1ab:cds-YP_009725295.1	TCA	S	TCC	S	3044
NC_045512.2	19220	C	T	0	0	0	1	0	34	1	1	1	FALSE	ORF1ab:cds-YP_009724389.1	GCT	A	GTT	V	1918
NC_045512.2	19565	G	A	0	0	0	1	0	34	1	1	1	FALSE	ORF1ab:cds-YP_009724389.1	TGG	W	TAG	*	2033
