REGION	POS	REF	ALT	REF_DP	REF_RV	REF_QUAL	ALT_DP	ALT_RV	ALT_QUAL	ALT_FREQ	TOTAL_DP	PVAL	PASS	GFF_FEATURE	REF_CODON	REF_AA	ALT_CODON	ALT_AA	POS_AA
NC_045512.2	10420	A	G	0	0	0	2	1	36	1	2	0.333333	FALSE	ORF1ab:cds-YP_009724389.1	CCA	P	CCG	P	3385
NC_045512.2	10420	A	G	0	0	0	2	1	36	1	2	0.333333	FALSE	ORF1ab:cds-YP_009725295.1	CCA	P	CCG	P	3385
NC_045512.2	10492	T	C	0	0	0	2	1	36	1	2	0.333333	FALSE	ORF1ab:cds-YP_009724389.1	GGT	G	GGC	G	3409
NC_045512.2	10492	T	C	0	0	0	2	1	36	1	2	0.333333	FALSE	ORF1ab:cds-YP_009725295.1	GGT	G	GGC	G	3409
NC_045512.2	10823	A	G	0	0	0	1	1	72	1	1	1	FALSE	ORF1ab:cds-YP_009724389.1	ACT	T	GCT	A	3520
NC_045512.2	10823	A	G	0	0	0	1	1	72	1	1	1	FALSE	ORF1ab:cds-YP_009725295.1	ACT	T	GCT	A	3520
NC_045512.2	11287	G	-TCTGGTTTT	1	0	72	1	0	20	1	1	1	FALSE	NA	NA	NA	NA	NA	NA
NC_045512.2	13208	A	T	0	0	0	1	0	36	1	1	1	FALSE	ORF1ab:cds-YP_009724389.1	AAT	N	TAT	Y	4315
NC_045512.2	13208	A	T	0	0	0	1	0	36	1	1	1	FALSE	ORF1ab:cds-YP_009725295.1	AAT	N	TAT	Y	4315
NC_045512.2	13783	T	A	0	0	0	1	1	72	1	1	1	FALSE	ORF1ab:cds-YP_009724389.1	TCA	S	ACA	T	106
NC_045512.2	21801	A	C	0	0	0	1	0	72	1	1	1	FALSE	S:cds-YP_009724390.1	GAT	D	GCT	A	80
NC_045512.2	26873	C	T	0	0	0	2	1	36	1	2	0.333333	FALSE	M:cds-YP_009724393.1	AAC	N	AAT	N	117
NC_045512.2	28811	A	G	0	0	0	1	0	36	1	1	1	FALSE	N:cds-YP_009724397.2	AGT	S	GGT	G	180
NC_045512.2	28887	C	T	0	0	0	1	0	68	1	1	1	FALSE	N:cds-YP_009724397.2	ACT	T	ATT	I	205
