REGION	POS	REF	ALT	REF_DP	REF_RV	REF_QUAL	ALT_DP	ALT_RV	ALT_QUAL	ALT_FREQ	TOTAL_DP	PVAL	PASS	GFF_FEATURE	REF_CODON	REF_AA	ALT_CODON	ALT_AA	POS_AA
NC_045512.2	10311	T	-A	4	1	46	1	0	20	0.25	4	0.625	FALSE	NA	NA	NA	NA	NA	NA
NC_045512.2	10447	G	A	2	1	37	3	2	49	0.6	5	0.119048	FALSE	ORF1ab:cds-YP_009724389.1	AGG	R	AGA	R	3394
NC_045512.2	10447	G	A	2	1	37	3	2	49	0.6	5	0.119048	FALSE	ORF1ab:cds-YP_009725295.1	AGG	R	AGA	R	3394
NC_045512.2	10449	C	A	2	1	37	3	2	49	0.6	5	0.119048	FALSE	ORF1ab:cds-YP_009724389.1	CCC	P	CAC	H	3395
NC_045512.2	10449	C	A	2	1	37	3	2	49	0.6	5	0.119048	FALSE	ORF1ab:cds-YP_009725295.1	CCC	P	CAC	H	3395
NC_045512.2	14328	A	C	1	1	37	1	1	37	0.5	2	0.666667	FALSE	ORF1ab:cds-YP_009724389.1	CCA	P	CCC	P	287
NC_045512.2	16342	T	C	1	1	37	1	1	37	0.5	2	0.666667	FALSE	ORF1ab:cds-YP_009724389.1	TCA	S	CCA	P	959
NC_045512.2	18206	C	G	0	0	0	1	0	37	1	1	1	FALSE	ORF1ab:cds-YP_009724389.1	TCT	S	TGT	C	1580
NC_045512.2	18703	G	T	2	1	37	1	0	37	0.333333	3	0.6	FALSE	ORF1ab:cds-YP_009724389.1	GAC	D	TAC	Y	1746
NC_045512.2	20791	G	A	11	3	40	1	1	25	0.0833333	12	0.521739	FALSE	ORF1ab:cds-YP_009724389.1	GCA	A	ACA	T	2442
NC_045512.2	20908	G	-T	17	7	37	1	0	20	0.0588235	17	0.529412	FALSE	NA	NA	NA	NA	NA	NA
NC_045512.2	21086	A	C	1	1	37	1	1	25	0.5	2	0.666667	FALSE	ORF1ab:cds-YP_009724389.1	AAT	N	ACT	T	2540
NC_045512.2	21209	T	C	0	0	0	1	0	37	1	1	1	FALSE	ORF1ab:cds-YP_009724389.1	ATG	M	ACG	T	2581
NC_045512.2	21509	A	G	1	1	74	1	0	37	0.5	2	0.666667	FALSE	ORF1ab:cds-YP_009724389.1	GAA	E	GGA	G	2681
NC_045512.2	27018	A	G	0	0	0	1	0	25	1	1	1	FALSE	M:cds-YP_009724393.1	AAA	K	GAA	E	166
NC_045512.2	29625	C	T	4	1	37	1	0	37	0.2	5	0.555556	FALSE	ORF10:cds-YP_009725255.1	TCT	S	TTT	F	23
NC_045512.2	29733	C	-GAGGCCACGCGGAGTACGATCGAGTG	5	4	44	1	0	20	0.2	5	0.6	FALSE	NA	NA	NA	NA	NA	NA
