REGION	POS	REF	ALT	REF_DP	REF_RV	REF_QUAL	ALT_DP	ALT_RV	ALT_QUAL	ALT_FREQ	TOTAL_DP	PVAL	PASS	GFF_FEATURE	REF_CODON	REF_AA	ALT_CODON	ALT_AA	POS_AA
NC_045512.2	7694	T	A	0	0	0	2	1	36	1	2	0.333333	FALSE	ORF1ab:cds-YP_009724389.1	TTT	F	ATT	I	2477
NC_045512.2	7694	T	A	0	0	0	2	1	36	1	2	0.333333	FALSE	ORF1ab:cds-YP_009725295.1	TTT	F	ATT	I	2477
NC_045512.2	7712	C	T	0	0	0	2	1	36	1	2	0.333333	FALSE	ORF1ab:cds-YP_009724389.1	CCT	P	TCT	S	2483
NC_045512.2	7712	C	T	0	0	0	2	1	36	1	2	0.333333	FALSE	ORF1ab:cds-YP_009725295.1	CCT	P	TCT	S	2483
NC_045512.2	11523	T	C	0	0	0	1	1	36	1	1	1	FALSE	ORF1ab:cds-YP_009724389.1	TTT	F	TCT	S	3753
NC_045512.2	11523	T	C	0	0	0	1	1	36	1	1	1	FALSE	ORF1ab:cds-YP_009725295.1	TTT	F	TCT	S	3753
NC_045512.2	28122	G	T	0	0	0	1	0	36	1	1	1	FALSE	ORF8:cds-YP_009724396.1	GGT	G	TGT	C	77
NC_045512.2	28247	A	-GATTTC	1	1	36	1	0	20	1	1	1	FALSE	NA	NA	NA	NA	NA	NA
NC_045512.2	28270	T	-A	1	1	36	1	0	20	1	1	1	FALSE	NA	NA	NA	NA	NA	NA
